Game ID,Wk,Day,Date,Time,Home,xG Home,G Home,Away,xG Away,G Away,Score,Home Avg Players Score,Away Avg Players Score,Prev_Rk_Home,Prev_MP_Home,Prev_W_Home,Prev_D_Home,Prev_L_Home,Prev_GF_Home,Prev_GA_Home,Prev_Pts_Home,Prev_Pts/MP_Home,Prev_Rk_Away,Prev_MP_Away,Prev_W_Away,Prev_D_Away,Prev_L_Away,Prev_GF_Away,Prev_GA_Away,Prev_Pts_Away,Prev_Pts/MP_Away
0,1,Fri,09/08/2019,20:00,Liverpool,1.8,4,Norwich City,0.9,1,1,84.21,73.07,2.0,38.0,30.0,7.0,1.0,89.0,22.0,97.0,2.55,,,,,,,,,
1,1,Sat,10/08/2019,12:30,West Ham,1.1,0,Manchester City,3.2,5,-1,77.29,84.86,10.0,38.0,15.0,7.0,16.0,52.0,55.0,52.0,1.37,1.0,38.0,32.0,2.0,4.0,95.0,23.0,98.0,2.58
2,1,Sat,10/08/2019,15:00,Burnley,0.9,3,Southampton,1.2,0,1,75.69,75.5,15.0,38.0,11.0,7.0,20.0,45.0,68.0,40.0,1.05,16.0,38.0,9.0,12.0,17.0,45.0,65.0,39.0,1.03
3,1,Sat,10/08/2019,15:00,Watford,0.7,0,Brighton,0.8,3,-1,74.85,77.36,11.0,38.0,14.0,8.0,16.0,52.0,59.0,50.0,1.32,17.0,38.0,9.0,9.0,20.0,35.0,60.0,36.0,0.95
4,1,Sat,10/08/2019,15:00,Crystal Palace,0.9,0,Everton,1.1,0,0,76.31,79.43,12.0,38.0,14.0,7.0,17.0,51.0,53.0,49.0,1.29,8.0,38.0,15.0,9.0,14.0,54.0,46.0,54.0,1.42
5,1,Sat,10/08/2019,15:00,Bournemouth,1.3,1,Sheffield Utd,1.3,1,0,76.42,74.36,14.0,38.0,13.0,6.0,19.0,56.0,70.0,45.0,1.18,,,,,,,,,
6,1,Sat,10/08/2019,17:30,Tottenham,2.4,3,Aston Villa,0.7,1,1,78.5,73.93,4.0,38.0,23.0,2.0,13.0,67.0,39.0,71.0,1.87,,,,,,,,,
7,1,Sun,11/08/2019,14:00,Newcastle Utd,0.4,0,Arsenal,1.1,1,-1,77.15,78.07,13.0,38.0,12.0,9.0,17.0,42.0,48.0,45.0,1.18,5.0,38.0,21.0,7.0,10.0,73.0,51.0,70.0,1.84
8,1,Sun,11/08/2019,14:00,Leicester City,0.7,0,Wolves,0.7,0,0,80.54,78.23,9.0,38.0,15.0,7.0,16.0,51.0,48.0,52.0,1.37,7.0,38.0,16.0,9.0,13.0,47.0,46.0,57.0,1.5
9,1,Sun,11/08/2019,16:30,Manchester Utd,2.2,4,Chelsea,1.0,0,1,80.86,80.64,6.0,38.0,19.0,9.0,10.0,65.0,54.0,66.0,1.74,3.0,38.0,21.0,9.0,8.0,63.0,39.0,72.0,1.89
11,2,Sat,17/08/2019,12:30,Arsenal,0.8,2,Burnley,1.5,1,1,72.86,76.08,5.0,38.0,21.0,7.0,10.0,73.0,51.0,70.0,1.84,15.0,38.0,11.0,7.0,20.0,45.0,68.0,40.0,1.05
12,2,Sat,17/08/2019,15:00,Norwich City,1.7,3,Newcastle Utd,0.9,1,1,73.62,76.08,,,,,,,,,,13.0,38.0,12.0,9.0,17.0,42.0,48.0,45.0,1.18
13,2,Sat,17/08/2019,15:00,Aston Villa,2.0,1,Bournemouth,1.6,2,-1,76.79,75.86,,,,,,,,,,14.0,38.0,13.0,6.0,19.0,56.0,70.0,45.0,1.18
14,2,Sat,17/08/2019,15:00,Brighton,2.0,1,West Ham,0.8,1,0,75.93,82.64,17.0,38.0,9.0,9.0,20.0,35.0,60.0,36.0,0.95,10.0,38.0,15.0,7.0,16.0,52.0,55.0,52.0,1.37
15,2,Sat,17/08/2019,15:00,Southampton,1.9,1,Liverpool,1.3,2,-1,79.57,75.14,16.0,38.0,9.0,12.0,17.0,45.0,65.0,39.0,1.03,2.0,38.0,30.0,7.0,1.0,89.0,22.0,97.0,2.55
16,2,Sat,17/08/2019,15:00,Everton,0.7,1,Watford,1.2,0,1,85.5,79.36,8.0,38.0,15.0,9.0,14.0,54.0,46.0,54.0,1.42,11.0,38.0,14.0,8.0,16.0,52.0,59.0,50.0,1.32
17,2,Sat,17/08/2019,17:30,Manchester City,2.9,2,Tottenham,0.1,2,0,74.43,76.07,1.0,38.0,32.0,2.0,4.0,95.0,23.0,98.0,2.58,4.0,38.0,23.0,2.0,13.0,67.0,39.0,71.0,1.87
18,2,Sun,18/08/2019,14:00,Sheffield Utd,2.2,1,Crystal Palace,0.3,0,1,80.86,79.85,,,,,,,,,,12.0,38.0,14.0,7.0,17.0,51.0,53.0,49.0,1.29
19,2,Sun,18/08/2019,16:30,Chelsea,1.1,1,Leicester City,0.8,1,0,77.71,80.86,3.0,38.0,21.0,9.0,8.0,63.0,39.0,72.0,1.89,9.0,38.0,15.0,7.0,16.0,51.0,48.0,52.0,1.37
20,2,Mon,19/08/2019,20:00,Wolves,0.3,1,Manchester Utd,1.2,1,0,73.92,79.36,7.0,38.0,16.0,9.0,13.0,47.0,46.0,57.0,1.5,6.0,38.0,19.0,9.0,10.0,65.0,54.0,66.0,1.74
22,3,Fri,23/08/2019,20:00,Aston Villa,1.0,2,Everton,1.3,0,1,74.14,78.93,,,,,,,,,,8.0,38.0,15.0,9.0,14.0,54.0,46.0,54.0,1.42
23,3,Sat,24/08/2019,12:30,Norwich City,1.1,2,Chelsea,1.5,3,-1,80.79,76.43,,,,,,,,,,3.0,38.0,21.0,9.0,8.0,63.0,39.0,72.0,1.89
24,3,Sat,24/08/2019,15:00,Sheffield Utd,0.3,1,Leicester City,0.8,2,-1,74.57,77.43,,,,,,,,,,9.0,38.0,15.0,7.0,16.0,51.0,48.0,52.0,1.37
25,3,Sat,24/08/2019,15:00,Manchester Utd,2.5,1,Crystal Palace,1.1,2,-1,76.71,75.57,6.0,38.0,19.0,9.0,10.0,65.0,54.0,66.0,1.74,12.0,38.0,14.0,7.0,17.0,51.0,53.0,49.0,1.29
26,3,Sat,24/08/2019,15:00,Watford,2.3,1,West Ham,3.5,3,-1,82.64,79.71,11.0,38.0,14.0,8.0,16.0,52.0,59.0,50.0,1.32,10.0,38.0,15.0,7.0,16.0,52.0,55.0,52.0,1.37
27,3,Sat,24/08/2019,15:00,Brighton,0.8,0,Southampton,1.7,2,-1,75.79,85.5,17.0,38.0,9.0,9.0,20.0,35.0,60.0,36.0,0.95,16.0,38.0,9.0,12.0,17.0,45.0,65.0,39.0,1.03
28,3,Sat,24/08/2019,17:30,Liverpool,2.5,3,Arsenal,1.0,1,1,77.29,75.64,2.0,38.0,30.0,7.0,1.0,89.0,22.0,97.0,2.55,5.0,38.0,21.0,7.0,10.0,73.0,51.0,70.0,1.84
29,3,Sun,25/08/2019,14:00,Bournemouth,2.2,1,Manchester City,3.0,3,-1,79.5,76.64,14.0,38.0,13.0,6.0,19.0,56.0,70.0,45.0,1.18,1.0,38.0,32.0,2.0,4.0,95.0,23.0,98.0,2.58
30,3,Sun,25/08/2019,16:30,Wolves,1.5,1,Burnley,1.6,1,0,75.5,80.29,7.0,38.0,16.0,9.0,13.0,47.0,46.0,57.0,1.5,15.0,38.0,11.0,7.0,20.0,45.0,68.0,40.0,1.05
31,3,Sun,25/08/2019,16:30,Tottenham,1.1,0,Newcastle Utd,0.8,1,-1,76.86,73.43,4.0,38.0,23.0,2.0,13.0,67.0,39.0,71.0,1.87,13.0,38.0,12.0,9.0,17.0,42.0,48.0,45.0,1.18
33,4,Sat,31/08/2019,12:30,Southampton,0.9,1,Manchester Utd,1.5,1,0,79.71,75.93,16.0,38.0,9.0,12.0,17.0,45.0,65.0,39.0,1.03,6.0,38.0,19.0,9.0,10.0,65.0,54.0,66.0,1.74
34,4,Sat,31/08/2019,15:00,West Ham,2.0,2,Norwich City,1.4,0,1,78.64,74.07,10.0,38.0,15.0,7.0,16.0,52.0,55.0,52.0,1.37,,,,,,,,,
35,4,Sat,31/08/2019,15:00,Crystal Palace,1.4,1,Aston Villa,0.4,0,1,76.36,76.29,12.0,38.0,14.0,7.0,17.0,51.0,53.0,49.0,1.29,,,,,,,,,
36,4,Sat,31/08/2019,15:00,Leicester City,2.0,3,Bournemouth,0.6,1,1,84.64,76.64,9.0,38.0,15.0,7.0,16.0,51.0,48.0,52.0,1.37,14.0,38.0,13.0,6.0,19.0,56.0,70.0,45.0,1.18
37,4,Sat,31/08/2019,15:00,Chelsea,2.0,2,Sheffield Utd,1.1,2,0,76.17,82.64,3.0,38.0,21.0,9.0,8.0,63.0,39.0,72.0,1.89,,,,,,,,,
38,4,Sat,31/08/2019,15:00,Newcastle Utd,1.0,1,Watford,1.0,1,0,79.15,77.71,13.0,38.0,12.0,9.0,17.0,42.0,48.0,45.0,1.18,11.0,38.0,14.0,8.0,16.0,52.0,59.0,50.0,1.32
39,4,Sat,31/08/2019,15:00,Manchester City,1.9,4,Brighton,0.9,0,1,81.0,81.38,1.0,38.0,32.0,2.0,4.0,95.0,23.0,98.0,2.58,17.0,38.0,9.0,9.0,20.0,35.0,60.0,36.0,0.95
40,4,Sat,31/08/2019,17:30,Burnley,0.9,0,Liverpool,1.0,3,-1,82.36,76.64,15.0,38.0,11.0,7.0,20.0,45.0,68.0,40.0,1.05,2.0,38.0,30.0,7.0,1.0,89.0,22.0,97.0,2.55
41,4,Sun,01/09/2019,14:00,Everton,1.3,3,Wolves,2.0,2,1,77.79,80.0,8.0,38.0,15.0,9.0,14.0,54.0,46.0,54.0,1.42,7.0,38.0,16.0,9.0,13.0,47.0,46.0,57.0,1.5
42,4,Sun,01/09/2019,16:30,Arsenal,2.4,2,Tottenham,2.0,2,0,75.79,75.86,5.0,38.0,21.0,7.0,10.0,73.0,51.0,70.0,1.84,4.0,38.0,23.0,2.0,13.0,67.0,39.0,71.0,1.87
44,5,Sat,14/09/2019,12:30,Liverpool,3.0,3,Newcastle Utd,0.3,1,1,79.14,80.38,2.0,38.0,30.0,7.0,1.0,89.0,22.0,97.0,2.55,13.0,38.0,12.0,9.0,17.0,42.0,48.0,45.0,1.18
45,5,Sat,14/09/2019,15:00,Wolves,1.7,2,Chelsea,2.7,5,-1,74.43,75.79,7.0,38.0,16.0,9.0,13.0,47.0,46.0,57.0,1.5,3.0,38.0,21.0,9.0,8.0,63.0,39.0,72.0,1.89
46,5,Sat,14/09/2019,15:00,Brighton,1.4,1,Burnley,0.4,1,0,72.85,85.07,17.0,38.0,9.0,9.0,20.0,35.0,60.0,36.0,0.95,15.0,38.0,11.0,7.0,20.0,45.0,68.0,40.0,1.05
47,5,Sat,14/09/2019,15:00,Tottenham,1.0,4,Crystal Palace,0.6,0,1,76.21,78.64,4.0,38.0,23.0,2.0,13.0,67.0,39.0,71.0,1.87,12.0,38.0,14.0,7.0,17.0,51.0,53.0,49.0,1.29
48,5,Sat,14/09/2019,15:00,Manchester Utd,1.2,1,Leicester City,0.6,0,1,75.43,79.57,6.0,38.0,19.0,9.0,10.0,65.0,54.0,66.0,1.74,9.0,38.0,15.0,7.0,16.0,51.0,48.0,52.0,1.37
49,5,Sat,14/09/2019,15:00,Sheffield Utd,1.8,0,Southampton,1.6,1,-1,73.71,77.43,,,,,,,,,,16.0,38.0,9.0,12.0,17.0,45.0,65.0,39.0,1.03
50,5,Sat,14/09/2019,17:30,Norwich City,1.5,3,Manchester City,2.3,2,1,76.0,76.21,,,,,,,,,,1.0,38.0,32.0,2.0,4.0,95.0,23.0,98.0,2.58
51,5,Sun,15/09/2019,14:00,Bournemouth,1.4,3,Everton,1.5,1,1,80.14,79.0,14.0,38.0,13.0,6.0,19.0,56.0,70.0,45.0,1.18,8.0,38.0,15.0,9.0,14.0,54.0,46.0,54.0,1.42
52,5,Sun,15/09/2019,16:30,Watford,2.7,2,Arsenal,0.8,2,0,82.0,75.0,11.0,38.0,14.0,8.0,16.0,52.0,59.0,50.0,1.32,5.0,38.0,21.0,7.0,10.0,73.0,51.0,70.0,1.84
53,5,Mon,16/09/2019,20:00,Aston Villa,1.3,0,West Ham,0.6,0,0,78.43,74.43,,,,,,,,,,10.0,38.0,15.0,7.0,16.0,52.0,55.0,52.0,1.37
55,6,Fri,20/09/2019,20:00,Southampton,2.5,1,Bournemouth,1.2,3,-1,76.64,75.14,16.0,38.0,9.0,12.0,17.0,45.0,65.0,39.0,1.03,14.0,38.0,13.0,6.0,19.0,56.0,70.0,45.0,1.18
56,6,Sat,21/09/2019,12:30,Leicester City,1.3,2,Tottenham,1.1,1,1,76.46,78.07,9.0,38.0,15.0,7.0,16.0,51.0,48.0,52.0,1.37,4.0,38.0,23.0,2.0,13.0,67.0,39.0,71.0,1.87
57,6,Sat,21/09/2019,15:00,Manchester City,5.9,8,Watford,0.4,0,1,76.36,79.64,1.0,38.0,32.0,2.0,4.0,95.0,23.0,98.0,2.58,11.0,38.0,14.0,8.0,16.0,52.0,59.0,50.0,1.32
58,6,Sat,21/09/2019,15:00,Everton,1.0,0,Sheffield Utd,0.5,2,-1,80.43,82.79,8.0,38.0,15.0,9.0,14.0,54.0,46.0,54.0,1.42,,,,,,,,,
59,6,Sat,21/09/2019,15:00,Burnley,2.0,2,Norwich City,0.8,0,1,79.14,74.0,15.0,38.0,11.0,7.0,20.0,45.0,68.0,40.0,1.05,,,,,,,,,
60,6,Sat,21/09/2019,17:30,Newcastle Utd,0.9,0,Brighton,1.4,0,0,74.23,82.64,13.0,38.0,12.0,9.0,17.0,42.0,48.0,45.0,1.18,17.0,38.0,9.0,9.0,20.0,35.0,60.0,36.0,0.95
61,6,Sun,22/09/2019,14:00,Crystal Palace,0.9,1,Wolves,1.5,1,0,79.57,75.0,12.0,38.0,14.0,7.0,17.0,51.0,53.0,49.0,1.29,7.0,38.0,16.0,9.0,13.0,47.0,46.0,57.0,1.5
62,6,Sun,22/09/2019,14:00,West Ham,0.4,2,Manchester Utd,0.9,0,1,80.29,75.64,10.0,38.0,15.0,7.0,16.0,52.0,55.0,52.0,1.37,6.0,38.0,19.0,9.0,10.0,65.0,54.0,66.0,1.74
63,6,Sun,22/09/2019,16:30,Chelsea,1.3,1,Liverpool,0.6,2,-1,74.07,76.31,3.0,38.0,21.0,9.0,8.0,63.0,39.0,72.0,1.89,2.0,38.0,30.0,7.0,1.0,89.0,22.0,97.0,2.55
64,6,Sun,22/09/2019,16:30,Arsenal,2.4,3,Aston Villa,1.5,2,1,76.64,73.14,5.0,38.0,21.0,7.0,10.0,73.0,51.0,70.0,1.84,,,,,,,,,
66,7,Sat,28/09/2019,12:30,Sheffield Utd,1.3,0,Liverpool,1.9,1,-1,75.93,78.0,,,,,,,,,,2.0,38.0,30.0,7.0,1.0,89.0,22.0,97.0,2.55
67,7,Sat,28/09/2019,15:00,Chelsea,3.7,2,Brighton,0.6,0,1,77.79,84.29,3.0,38.0,21.0,9.0,8.0,63.0,39.0,72.0,1.89,17.0,38.0,9.0,9.0,20.0,35.0,60.0,36.0,0.95
68,7,Sat,28/09/2019,15:00,Tottenham,1.0,2,Southampton,1.5,1,1,79.71,75.71,4.0,38.0,23.0,2.0,13.0,67.0,39.0,71.0,1.87,16.0,38.0,9.0,12.0,17.0,45.0,65.0,39.0,1.03
69,7,Sat,28/09/2019,15:00,Aston Villa,1.0,2,Burnley,1.5,2,0,80.0,79.0,,,,,,,,,,15.0,38.0,11.0,7.0,20.0,45.0,68.0,40.0,1.05
70,7,Sat,28/09/2019,15:00,Crystal Palace,1.5,2,Norwich City,0.7,0,1,75.0,79.62,12.0,38.0,14.0,7.0,17.0,51.0,53.0,49.0,1.29,,,,,,,,,
71,7,Sat,28/09/2019,15:00,Wolves,1.4,2,Watford,1.4,0,1,75.79,74.54,7.0,38.0,16.0,9.0,13.0,47.0,46.0,57.0,1.5,11.0,38.0,14.0,8.0,16.0,52.0,59.0,50.0,1.32
72,7,Sat,28/09/2019,15:00,Bournemouth,1.9,2,West Ham,1.6,2,0,75.64,78.29,14.0,38.0,13.0,6.0,19.0,56.0,70.0,45.0,1.18,10.0,38.0,15.0,7.0,16.0,52.0,55.0,52.0,1.37
73,7,Sat,28/09/2019,17:30,Everton,2.4,1,Manchester City,2.8,3,-1,83.21,80.29,8.0,38.0,15.0,9.0,14.0,54.0,46.0,54.0,1.42,1.0,38.0,32.0,2.0,4.0,95.0,23.0,98.0,2.58
74,7,Sun,29/09/2019,16:30,Leicester City,1.6,5,Newcastle Utd,0.1,0,1,72.43,74.71,9.0,38.0,15.0,7.0,16.0,51.0,48.0,52.0,1.37,13.0,38.0,12.0,9.0,17.0,42.0,48.0,45.0,1.18
75,7,Mon,30/09/2019,20:00,Manchester Utd,0.9,1,Arsenal,1.9,1,0,77.5,76.23,6.0,38.0,19.0,9.0,10.0,65.0,54.0,66.0,1.74,5.0,38.0,21.0,7.0,10.0,73.0,51.0,70.0,1.84
77,8,Sat,05/10/2019,12:30,Brighton,2.4,3,Tottenham,0.4,0,1,75.07,80.14,17.0,38.0,9.0,9.0,20.0,35.0,60.0,36.0,0.95,4.0,38.0,23.0,2.0,13.0,67.0,39.0,71.0,1.87
78,8,Sat,05/10/2019,15:00,Watford,1.4,0,Sheffield Utd,0.4,0,0,79.07,76.14,11.0,38.0,14.0,8.0,16.0,52.0,59.0,50.0,1.32,,,,,,,,,
79,8,Sat,05/10/2019,15:00,Burnley,0.6,1,Everton,1.3,0,1,75.57,78.0,15.0,38.0,11.0,7.0,20.0,45.0,68.0,40.0,1.05,8.0,38.0,15.0,9.0,14.0,54.0,46.0,54.0,1.42
80,8,Sat,05/10/2019,15:00,Liverpool,3.5,2,Leicester City,0.1,1,1,79.14,77.43,2.0,38.0,30.0,7.0,1.0,89.0,22.0,97.0,2.55,9.0,38.0,15.0,7.0,16.0,51.0,48.0,52.0,1.37
81,8,Sat,05/10/2019,15:00,Norwich City,2.6,1,Aston Villa,3.0,5,-1,74.36,75.5,,,,,,,,,,,,,,,,,,
82,8,Sat,05/10/2019,17:30,West Ham,1.4,1,Crystal Palace,2.1,2,-1,80.14,75.69,10.0,38.0,15.0,7.0,16.0,52.0,55.0,52.0,1.37,12.0,38.0,14.0,7.0,17.0,51.0,53.0,49.0,1.29
83,8,Sun,06/10/2019,14:00,Manchester City,1.4,0,Wolves,1.0,2,-1,79.14,76.14,1.0,38.0,32.0,2.0,4.0,95.0,23.0,98.0,2.58,7.0,38.0,16.0,9.0,13.0,47.0,46.0,57.0,1.5
84,8,Sun,06/10/2019,14:00,Southampton,1.4,1,Chelsea,1.7,4,-1,78.07,75.85,16.0,38.0,9.0,12.0,17.0,45.0,65.0,39.0,1.03,3.0,38.0,21.0,9.0,8.0,63.0,39.0,72.0,1.89
85,8,Sun,06/10/2019,14:00,Arsenal,1.2,1,Bournemouth,0.6,0,1,79.14,75.71,5.0,38.0,21.0,7.0,10.0,73.0,51.0,70.0,1.84,14.0,38.0,13.0,6.0,19.0,56.0,70.0,45.0,1.18
86,8,Sun,06/10/2019,16:30,Newcastle Utd,0.8,1,Manchester Utd,0.9,0,1,76.46,73.0,13.0,38.0,12.0,9.0,17.0,42.0,48.0,45.0,1.18,6.0,38.0,19.0,9.0,10.0,65.0,54.0,66.0,1.74
88,9,Sat,19/10/2019,12:30,Everton,2.1,2,West Ham,0.8,0,1,80.15,82.71,8.0,38.0,15.0,9.0,14.0,54.0,46.0,54.0,1.42,10.0,38.0,15.0,7.0,16.0,52.0,55.0,52.0,1.37
89,9,Sat,19/10/2019,15:00,Aston Villa,3.0,2,Brighton,1.2,1,1,74.43,79.29,,,,,,,,,,17.0,38.0,9.0,9.0,20.0,35.0,60.0,36.0,0.95
90,9,Sat,19/10/2019,15:00,Leicester City,1.0,2,Burnley,1.5,1,1,75.86,80.54,9.0,38.0,15.0,7.0,16.0,51.0,48.0,52.0,1.37,15.0,38.0,11.0,7.0,20.0,45.0,68.0,40.0,1.05
91,9,Sat,19/10/2019,15:00,Tottenham,1.0,1,Watford,0.7,1,0,82.64,74.38,4.0,38.0,23.0,2.0,13.0,67.0,39.0,71.0,1.87,11.0,38.0,14.0,8.0,16.0,52.0,59.0,50.0,1.32
92,9,Sat,19/10/2019,15:00,Wolves,0.9,1,Southampton,1.4,1,0,76.71,76.54,7.0,38.0,16.0,9.0,13.0,47.0,46.0,57.0,1.5,16.0,38.0,9.0,12.0,17.0,45.0,65.0,39.0,1.03
93,9,Sat,19/10/2019,15:00,Chelsea,2.0,1,Newcastle Utd,0.4,0,1,77.79,74.29,3.0,38.0,21.0,9.0,8.0,63.0,39.0,72.0,1.89,13.0,38.0,12.0,9.0,17.0,42.0,48.0,45.0,1.18
94,9,Sat,19/10/2019,15:00,Bournemouth,0.7,0,Norwich City,0.4,0,0,75.14,78.79,14.0,38.0,13.0,6.0,19.0,56.0,70.0,45.0,1.18,,,,,,,,,
95,9,Sat,19/10/2019,17:30,Crystal Palace,0.9,0,Manchester City,3.5,2,-1,75.92,79.21,12.0,38.0,14.0,7.0,17.0,51.0,53.0,49.0,1.29,1.0,38.0,32.0,2.0,4.0,95.0,23.0,98.0,2.58
96,9,Sun,20/10/2019,16:30,Manchester Utd,0.7,1,Liverpool,1.2,1,0,75.86,77.54,6.0,38.0,19.0,9.0,10.0,65.0,54.0,66.0,1.74,2.0,38.0,30.0,7.0,1.0,89.0,22.0,97.0,2.55
97,9,Mon,21/10/2019,20:00,Sheffield Utd,0.9,1,Arsenal,1.0,0,1,80.23,76.31,,,,,,,,,,5.0,38.0,21.0,7.0,10.0,73.0,51.0,70.0,1.84
99,10,Fri,25/10/2019,20:00,Southampton,0.3,0,Leicester City,4.6,9,-1,73.21,79.29,16.0,38.0,9.0,12.0,17.0,45.0,65.0,39.0,1.03,9.0,38.0,15.0,7.0,16.0,51.0,48.0,52.0,1.37
100,10,Sat,26/10/2019,12:30,Manchester City,2.9,3,Aston Villa,1.0,0,1,77.17,79.71,1.0,38.0,32.0,2.0,4.0,95.0,23.0,98.0,2.58,,,,,,,,,
101,10,Sat,26/10/2019,15:00,Watford,0.8,0,Bournemouth,1.0,0,0,74.5,75.93,11.0,38.0,14.0,8.0,16.0,52.0,59.0,50.0,1.32,14.0,38.0,13.0,6.0,19.0,56.0,70.0,45.0,1.18
102,10,Sat,26/10/2019,15:00,West Ham,2.3,1,Sheffield Utd,1.0,1,0,75.36,72.71,10.0,38.0,15.0,7.0,16.0,52.0,55.0,52.0,1.37,,,,,,,,,
103,10,Sat,26/10/2019,15:00,Brighton,1.2,3,Everton,0.9,2,1,73.93,84.86,17.0,38.0,9.0,9.0,20.0,35.0,60.0,36.0,0.95,8.0,38.0,15.0,9.0,14.0,54.0,46.0,54.0,1.42
104,10,Sat,26/10/2019,17:30,Burnley,2.1,2,Chelsea,0.9,4,-1,79.93,77.54,15.0,38.0,11.0,7.0,20.0,45.0,68.0,40.0,1.05,3.0,38.0,21.0,9.0,8.0,63.0,39.0,72.0,1.89
105,10,Sun,27/10/2019,14:00,Newcastle Utd,1.0,1,Wolves,2.1,1,0,77.5,76.57,13.0,38.0,12.0,9.0,17.0,42.0,48.0,45.0,1.18,7.0,38.0,16.0,9.0,13.0,47.0,46.0,57.0,1.5
106,10,Sun,27/10/2019,16:30,Arsenal,1.3,2,Crystal Palace,1.6,2,0,82.71,75.36,5.0,38.0,21.0,7.0,10.0,73.0,51.0,70.0,1.84,12.0,38.0,14.0,7.0,17.0,51.0,53.0,49.0,1.29
107,10,Sun,27/10/2019,16:30,Liverpool,2.6,2,Tottenham,1.2,1,1,76.29,78.93,2.0,38.0,30.0,7.0,1.0,89.0,22.0,97.0,2.55,4.0,38.0,23.0,2.0,13.0,67.0,39.0,71.0,1.87
108,10,Sun,27/10/2019,16:30,Norwich City,1.0,1,Manchester Utd,4.2,3,-1,76.43,80.14,,,,,,,,,,6.0,38.0,19.0,9.0,10.0,65.0,54.0,66.0,1.74
110,11,Sat,02/11/2019,12:30,Bournemouth,1.9,1,Manchester Utd,0.8,0,1,73.07,75.93,14.0,38.0,13.0,6.0,19.0,56.0,70.0,45.0,1.18,6.0,38.0,19.0,9.0,10.0,65.0,54.0,66.0,1.74
111,11,Sat,02/11/2019,15:00,Sheffield Utd,2.3,3,Burnley,0.8,0,1,79.0,76.71,,,,,,,,,,15.0,38.0,11.0,7.0,20.0,45.0,68.0,40.0,1.05
112,11,Sat,02/11/2019,15:00,Brighton,2.7,2,Norwich City,0.4,0,1,75.07,78.36,17.0,38.0,9.0,9.0,20.0,35.0,60.0,36.0,0.95,,,,,,,,,
113,11,Sat,02/11/2019,15:00,Aston Villa,0.4,1,Liverpool,2.4,2,-1,76.31,77.86,,,,,,,,,,2.0,38.0,30.0,7.0,1.0,89.0,22.0,97.0,2.55
114,11,Sat,02/11/2019,15:00,Arsenal,0.9,1,Wolves,1.8,1,0,76.57,76.29,5.0,38.0,21.0,7.0,10.0,73.0,51.0,70.0,1.84,7.0,38.0,16.0,9.0,13.0,47.0,46.0,57.0,1.5
115,11,Sat,02/11/2019,15:00,West Ham,1.8,2,Newcastle Utd,1.5,3,-1,78.79,74.46,10.0,38.0,15.0,7.0,16.0,52.0,55.0,52.0,1.37,13.0,38.0,12.0,9.0,17.0,42.0,48.0,45.0,1.18
116,11,Sat,02/11/2019,15:00,Manchester City,2.9,2,Southampton,0.9,1,1,80.62,79.92,1.0,38.0,32.0,2.0,4.0,95.0,23.0,98.0,2.58,16.0,38.0,9.0,12.0,17.0,45.0,65.0,39.0,1.03
117,11,Sat,02/11/2019,17:30,Watford,1.3,1,Chelsea,2.1,2,-1,79.93,75.57,11.0,38.0,14.0,8.0,16.0,52.0,59.0,50.0,1.32,3.0,38.0,21.0,9.0,8.0,63.0,39.0,72.0,1.89
118,11,Sun,03/11/2019,14:00,Crystal Palace,0.5,0,Leicester City,1.1,2,-1,77.57,72.93,12.0,38.0,14.0,7.0,17.0,51.0,53.0,49.0,1.29,9.0,38.0,15.0,7.0,16.0,51.0,48.0,52.0,1.37
119,11,Sun,03/11/2019,16:30,Everton,1.1,1,Tottenham,0.6,1,0,84.5,82.33,8.0,38.0,15.0,9.0,14.0,54.0,46.0,54.0,1.42,4.0,38.0,23.0,2.0,13.0,67.0,39.0,71.0,1.87
121,12,Fri,08/11/2019,20:00,Norwich City,0.7,0,Watford,1.3,2,-1,76.5,83.64,,,,,,,,,,11.0,38.0,14.0,8.0,16.0,52.0,59.0,50.0,1.32
122,12,Sat,09/11/2019,12:30,Chelsea,3.6,2,Crystal Palace,0.2,0,1,79.86,75.36,3.0,38.0,21.0,9.0,8.0,63.0,39.0,72.0,1.89,12.0,38.0,14.0,7.0,17.0,51.0,53.0,49.0,1.29
123,12,Sat,09/11/2019,15:00,Southampton,0.9,1,Everton,1.8,2,-1,76.5,78.08,16.0,38.0,9.0,12.0,17.0,45.0,65.0,39.0,1.03,8.0,38.0,15.0,9.0,14.0,54.0,46.0,54.0,1.42
124,12,Sat,09/11/2019,15:00,Burnley,2.1,3,West Ham,0.5,0,1,78.29,72.93,15.0,38.0,11.0,7.0,20.0,45.0,68.0,40.0,1.05,10.0,38.0,15.0,7.0,16.0,52.0,55.0,52.0,1.37
125,12,Sat,09/11/2019,15:00,Newcastle Utd,2.4,2,Bournemouth,1.8,1,1,75.93,80.14,13.0,38.0,12.0,9.0,17.0,42.0,48.0,45.0,1.18,14.0,38.0,13.0,6.0,19.0,56.0,70.0,45.0,1.18
126,12,Sat,09/11/2019,15:00,Tottenham,1.8,1,Sheffield Utd,0.9,1,0,74.43,76.33,4.0,38.0,23.0,2.0,13.0,67.0,39.0,71.0,1.87,,,,,,,,,
127,12,Sat,09/11/2019,17:30,Leicester City,1.2,2,Arsenal,1.0,0,1,83.64,80.0,9.0,38.0,15.0,7.0,16.0,51.0,48.0,52.0,1.37,5.0,38.0,21.0,7.0,10.0,73.0,51.0,70.0,1.84
128,12,Sun,10/11/2019,14:00,Manchester Utd,3.6,3,Brighton,0.8,1,1,73.36,79.5,6.0,38.0,19.0,9.0,10.0,65.0,54.0,66.0,1.74,17.0,38.0,9.0,9.0,20.0,35.0,60.0,36.0,0.95
129,12,Sun,10/11/2019,14:00,Wolves,2.4,2,Aston Villa,0.6,1,1,74.67,76.36,7.0,38.0,16.0,9.0,13.0,47.0,46.0,57.0,1.5,,,,,,,,,
130,12,Sun,10/11/2019,16:30,Liverpool,1.1,3,Manchester City,1.3,1,1,76.46,83.5,2.0,38.0,30.0,7.0,1.0,89.0,22.0,97.0,2.55,1.0,38.0,32.0,2.0,4.0,95.0,23.0,98.0,2.58
132,13,Sat,23/11/2019,12:30,West Ham,0.7,2,Tottenham,2.1,3,-1,84.57,75.43,10.0,38.0,15.0,7.0,16.0,52.0,55.0,52.0,1.37,4.0,38.0,23.0,2.0,13.0,67.0,39.0,71.0,1.87
133,13,Sat,23/11/2019,15:00,Crystal Palace,1.0,1,Liverpool,1.4,2,-1,76.29,76.36,12.0,38.0,14.0,7.0,17.0,51.0,53.0,49.0,1.29,2.0,38.0,30.0,7.0,1.0,89.0,22.0,97.0,2.55
134,13,Sat,23/11/2019,15:00,Arsenal,1.8,2,Southampton,2.4,2,0,79.64,76.29,5.0,38.0,21.0,7.0,10.0,73.0,51.0,70.0,1.84,16.0,38.0,9.0,12.0,17.0,45.0,65.0,39.0,1.03
135,13,Sat,23/11/2019,15:00,Bournemouth,0.6,1,Wolves,1.1,2,-1,75.07,74.71,14.0,38.0,13.0,6.0,19.0,56.0,70.0,45.0,1.18,7.0,38.0,16.0,9.0,13.0,47.0,46.0,57.0,1.5
136,13,Sat,23/11/2019,15:00,Everton,0.9,0,Norwich City,1.7,2,-1,73.5,79.21,8.0,38.0,15.0,9.0,14.0,54.0,46.0,54.0,1.42,,,,,,,,,
137,13,Sat,23/11/2019,15:00,Brighton,0.6,0,Leicester City,3.6,2,-1,77.45,74.43,17.0,38.0,9.0,9.0,20.0,35.0,60.0,36.0,0.95,9.0,38.0,15.0,7.0,16.0,51.0,48.0,52.0,1.37
138,13,Sat,23/11/2019,15:00,Watford,1.0,0,Burnley,1.9,3,-1,80.54,78.46,11.0,38.0,14.0,8.0,16.0,52.0,59.0,50.0,1.32,15.0,38.0,11.0,7.0,20.0,45.0,68.0,40.0,1.05
139,13,Sat,23/11/2019,17:30,Manchester City,1.0,2,Chelsea,0.9,1,1,80.14,74.31,1.0,38.0,32.0,2.0,4.0,95.0,23.0,98.0,2.58,3.0,38.0,21.0,9.0,8.0,63.0,39.0,72.0,1.89
140,13,Sun,24/11/2019,16:30,Sheffield Utd,1.3,3,Manchester Utd,1.3,3,0,76.77,76.0,,,,,,,,,,6.0,38.0,19.0,9.0,10.0,65.0,54.0,66.0,1.74
141,13,Mon,25/11/2019,20:00,Aston Villa,2.3,2,Newcastle Utd,0.6,0,1,76.21,81.64,,,,,,,,,,13.0,38.0,12.0,9.0,17.0,42.0,48.0,45.0,1.18
143,14,Sat,30/11/2019,12:30,Newcastle Utd,0.3,2,Manchester City,2.4,2,0,75.71,73.21,13.0,38.0,12.0,9.0,17.0,42.0,48.0,45.0,1.18,1.0,38.0,32.0,2.0,4.0,95.0,23.0,98.0,2.58
144,14,Sat,30/11/2019,15:00,Tottenham,2.3,3,Bournemouth,1.1,2,1,79.93,74.31,4.0,38.0,23.0,2.0,13.0,67.0,39.0,71.0,1.87,14.0,38.0,13.0,6.0,19.0,56.0,70.0,45.0,1.18
145,14,Sat,30/11/2019,15:00,Liverpool,1.3,2,Brighton,0.8,1,1,80.08,80.64,2.0,38.0,30.0,7.0,1.0,89.0,22.0,97.0,2.55,17.0,38.0,9.0,9.0,20.0,35.0,60.0,36.0,0.95
146,14,Sat,30/11/2019,15:00,Burnley,1.9,0,Crystal Palace,0.7,2,-1,79.29,74.14,15.0,38.0,11.0,7.0,20.0,45.0,68.0,40.0,1.05,12.0,38.0,14.0,7.0,17.0,51.0,53.0,49.0,1.29
147,14,Sat,30/11/2019,15:00,Chelsea,2.3,0,West Ham,0.9,1,-1,83.43,79.07,3.0,38.0,21.0,9.0,8.0,63.0,39.0,72.0,1.89,10.0,38.0,15.0,7.0,16.0,52.0,55.0,52.0,1.37
148,14,Sat,30/11/2019,17:30,Southampton,2.1,2,Watford,0.6,1,1,74.43,76.21,16.0,38.0,9.0,12.0,17.0,45.0,65.0,39.0,1.03,11.0,38.0,14.0,8.0,16.0,52.0,59.0,50.0,1.32
149,14,Sun,01/12/2019,14:00,Norwich City,0.8,2,Arsenal,1.9,2,0,80.14,75.71,,,,,,,,,,5.0,38.0,21.0,7.0,10.0,73.0,51.0,70.0,1.84
150,14,Sun,01/12/2019,14:00,Wolves,1.3,1,Sheffield Utd,1.5,1,0,78.5,80.69,7.0,38.0,16.0,9.0,13.0,47.0,46.0,57.0,1.5,,,,,,,,,
151,14,Sun,01/12/2019,16:30,Leicester City,2.2,2,Everton,1.1,1,1,77.43,76.15,9.0,38.0,15.0,7.0,16.0,51.0,48.0,52.0,1.37,8.0,38.0,15.0,9.0,14.0,54.0,46.0,54.0,1.42
152,14,Sun,01/12/2019,16:30,Manchester Utd,1.7,2,Aston Villa,1.2,2,0,75.0,76.29,6.0,38.0,19.0,9.0,10.0,65.0,54.0,66.0,1.74,,,,,,,,,
154,15,Tue,03/12/2019,19:30,Crystal Palace,0.3,1,Bournemouth,0.4,0,1,83.0,80.29,12.0,38.0,14.0,7.0,17.0,51.0,53.0,49.0,1.29,14.0,38.0,13.0,6.0,19.0,56.0,70.0,45.0,1.18
155,15,Tue,03/12/2019,20:15,Burnley,0.6,1,Manchester City,2.2,4,-1,72.71,74.36,15.0,38.0,11.0,7.0,20.0,45.0,68.0,40.0,1.05,1.0,38.0,32.0,2.0,4.0,95.0,23.0,98.0,2.58
156,15,Wed,04/12/2019,19:30,Wolves,1.5,2,West Ham,0.6,0,1,74.43,79.71,7.0,38.0,16.0,9.0,13.0,47.0,46.0,57.0,1.5,10.0,38.0,15.0,7.0,16.0,52.0,55.0,52.0,1.37
157,15,Wed,04/12/2019,19:30,Southampton,1.7,2,Norwich City,0.9,1,1,76.64,75.85,16.0,38.0,9.0,12.0,17.0,45.0,65.0,39.0,1.03,,,,,,,,,
158,15,Wed,04/12/2019,19:30,Chelsea,1.8,2,Aston Villa,1.0,1,1,76.0,77.5,3.0,38.0,21.0,9.0,8.0,63.0,39.0,72.0,1.89,,,,,,,,,
159,15,Wed,04/12/2019,19:30,Manchester Utd,1.4,2,Tottenham,0.9,1,1,75.21,79.21,6.0,38.0,19.0,9.0,10.0,65.0,54.0,66.0,1.74,4.0,38.0,23.0,2.0,13.0,67.0,39.0,71.0,1.87
160,15,Wed,04/12/2019,19:30,Leicester City,2.4,2,Watford,0.2,0,1,85.14,74.62,9.0,38.0,15.0,7.0,16.0,51.0,48.0,52.0,1.37,11.0,38.0,14.0,8.0,16.0,52.0,59.0,50.0,1.32
161,15,Wed,04/12/2019,20:15,Liverpool,2.0,5,Everton,1.5,2,1,80.31,73.0,2.0,38.0,30.0,7.0,1.0,89.0,22.0,97.0,2.55,8.0,38.0,15.0,9.0,14.0,54.0,46.0,54.0,1.42
162,15,Thu,05/12/2019,19:30,Sheffield Utd,1.1,0,Newcastle Utd,0.5,2,-1,76.08,76.15,,,,,,,,,,13.0,38.0,12.0,9.0,17.0,42.0,48.0,45.0,1.18
163,15,Thu,05/12/2019,20:15,Arsenal,0.9,1,Brighton,1.7,2,-1,74.29,74.0,5.0,38.0,21.0,7.0,10.0,73.0,51.0,70.0,1.84,17.0,38.0,9.0,9.0,20.0,35.0,60.0,36.0,0.95
165,16,Sat,07/12/2019,12:30,Everton,1.8,3,Chelsea,1.1,1,1,75.79,75.71,8.0,38.0,15.0,9.0,14.0,54.0,46.0,54.0,1.42,3.0,38.0,21.0,9.0,8.0,63.0,39.0,72.0,1.89
166,16,Sat,07/12/2019,15:00,Tottenham,2.6,5,Burnley,0.9,0,1,81.0,78.07,4.0,38.0,23.0,2.0,13.0,67.0,39.0,71.0,1.87,15.0,38.0,11.0,7.0,20.0,45.0,68.0,40.0,1.05
167,16,Sat,07/12/2019,15:00,Watford,1.4,0,Crystal Palace,0.2,0,0,78.64,80.0,11.0,38.0,14.0,8.0,16.0,52.0,59.0,50.0,1.32,12.0,38.0,14.0,7.0,17.0,51.0,53.0,49.0,1.29
168,16,Sat,07/12/2019,15:00,Bournemouth,0.1,0,Liverpool,2.4,3,-1,77.86,82.86,14.0,38.0,13.0,6.0,19.0,56.0,70.0,45.0,1.18,2.0,38.0,30.0,7.0,1.0,89.0,22.0,97.0,2.55
169,16,Sat,07/12/2019,17:30,Manchester City,2.2,1,Manchester Utd,1.4,2,-1,76.08,77.0,1.0,38.0,32.0,2.0,4.0,95.0,23.0,98.0,2.58,6.0,38.0,19.0,9.0,10.0,65.0,54.0,66.0,1.74
170,16,Sun,08/12/2019,14:00,Norwich City,0.7,1,Sheffield Utd,0.8,2,-1,77.86,77.54,,,,,,,,,,,,,,,,,,
171,16,Sun,08/12/2019,14:00,Aston Villa,1.2,1,Leicester City,4.6,4,-1,72.64,77.92,,,,,,,,,,9.0,38.0,15.0,7.0,16.0,51.0,48.0,52.0,1.37
172,16,Sun,08/12/2019,14:00,Newcastle Utd,0.9,2,Southampton,1.7,1,1,75.86,74.0,13.0,38.0,12.0,9.0,17.0,42.0,48.0,45.0,1.18,16.0,38.0,9.0,12.0,17.0,45.0,65.0,39.0,1.03
173,16,Sun,08/12/2019,16:30,Brighton,1.2,2,Wolves,1.5,2,0,76.79,76.58,17.0,38.0,9.0,9.0,20.0,35.0,60.0,36.0,0.95,7.0,38.0,16.0,9.0,13.0,47.0,46.0,57.0,1.5
174,16,Mon,09/12/2019,20:00,West Ham,0.6,1,Arsenal,1.4,3,-1,74.29,75.21,10.0,38.0,15.0,7.0,16.0,52.0,55.0,52.0,1.37,5.0,38.0,21.0,7.0,10.0,73.0,51.0,70.0,1.84
176,17,Sat,14/12/2019,12:30,Liverpool,1.4,2,Watford,1.0,0,1,83.64,80.29,2.0,38.0,30.0,7.0,1.0,89.0,22.0,97.0,2.55,11.0,38.0,14.0,8.0,16.0,52.0,59.0,50.0,1.32
177,17,Sat,14/12/2019,15:00,Leicester City,1.1,1,Norwich City,1.1,1,0,75.0,81.43,9.0,38.0,15.0,7.0,16.0,51.0,48.0,52.0,1.37,,,,,,,,,
178,17,Sat,14/12/2019,15:00,Burnley,1.4,1,Newcastle Utd,1.0,0,1,80.21,80.36,15.0,38.0,11.0,7.0,20.0,45.0,68.0,40.0,1.05,13.0,38.0,12.0,9.0,17.0,42.0,48.0,45.0,1.18
179,17,Sat,14/12/2019,15:00,Sheffield Utd,1.7,2,Aston Villa,1.1,0,1,80.86,75.79,,,,,,,,,,,,,,,,,,
180,17,Sat,14/12/2019,15:00,Chelsea,2.1,0,Bournemouth,1.0,1,-1,73.5,72.93,3.0,38.0,21.0,9.0,8.0,63.0,39.0,72.0,1.89,14.0,38.0,13.0,6.0,19.0,56.0,70.0,45.0,1.18
181,17,Sat,14/12/2019,17:30,Southampton,0.9,0,West Ham,0.9,1,-1,76.07,77.21,16.0,38.0,9.0,12.0,17.0,45.0,65.0,39.0,1.03,10.0,38.0,15.0,7.0,16.0,52.0,55.0,52.0,1.37
182,17,Sun,15/12/2019,14:00,Manchester Utd,1.4,1,Everton,0.3,1,0,75.46,79.71,6.0,38.0,19.0,9.0,10.0,65.0,54.0,66.0,1.74,8.0,38.0,15.0,9.0,14.0,54.0,46.0,54.0,1.42
183,17,Sun,15/12/2019,14:00,Wolves,0.9,1,Tottenham,0.9,2,-1,74.67,74.86,7.0,38.0,16.0,9.0,13.0,47.0,46.0,57.0,1.5,4.0,38.0,23.0,2.0,13.0,67.0,39.0,71.0,1.87
184,17,Sun,15/12/2019,16:30,Arsenal,0.5,0,Manchester City,1.3,3,-1,78.5,75.71,5.0,38.0,21.0,7.0,10.0,73.0,51.0,70.0,1.84,1.0,38.0,32.0,2.0,4.0,95.0,23.0,98.0,2.58
185,17,Mon,16/12/2019,19:45,Crystal Palace,0.7,1,Brighton,2.3,1,0,80.07,75.36,12.0,38.0,14.0,7.0,17.0,51.0,53.0,49.0,1.29,17.0,38.0,9.0,9.0,20.0,35.0,60.0,36.0,0.95
187,18,Sat,21/12/2019,12:30,Everton,0.5,0,Arsenal,0.6,0,0,80.29,85.07,8.0,38.0,15.0,9.0,14.0,54.0,46.0,54.0,1.42,5.0,38.0,21.0,7.0,10.0,73.0,51.0,70.0,1.84
188,18,Sat,21/12/2019,15:00,Norwich City,1.3,1,Wolves,1.4,2,-1,77.21,82.71,,,,,,,,,,7.0,38.0,16.0,9.0,13.0,47.0,46.0,57.0,1.5
189,18,Sat,21/12/2019,15:00,Brighton,0.5,0,Sheffield Utd,1.3,1,-1,75.93,75.5,17.0,38.0,9.0,9.0,20.0,35.0,60.0,36.0,0.95,,,,,,,,,
190,18,Sat,21/12/2019,15:00,Newcastle Utd,0.5,1,Crystal Palace,1.3,0,1,75.0,73.14,13.0,38.0,12.0,9.0,17.0,42.0,48.0,45.0,1.18,12.0,38.0,14.0,7.0,17.0,51.0,53.0,49.0,1.29
191,18,Sat,21/12/2019,15:00,Aston Villa,1.1,1,Southampton,2.8,3,-1,76.71,77.0,,,,,,,,,,16.0,38.0,9.0,12.0,17.0,45.0,65.0,39.0,1.03
192,18,Sat,21/12/2019,15:00,Bournemouth,0.1,0,Burnley,0.2,1,-1,76.0,76.58,14.0,38.0,13.0,6.0,19.0,56.0,70.0,45.0,1.18,15.0,38.0,11.0,7.0,20.0,45.0,68.0,40.0,1.05
193,18,Sat,21/12/2019,17:30,Manchester City,3.3,3,Leicester City,1.1,1,1,77.07,76.79,1.0,38.0,32.0,2.0,4.0,95.0,23.0,98.0,2.58,9.0,38.0,15.0,7.0,16.0,51.0,48.0,52.0,1.37
194,18,Sun,22/12/2019,14:00,Watford,1.5,2,Manchester Utd,1.8,0,1,73.0,80.0,11.0,38.0,14.0,8.0,16.0,52.0,59.0,50.0,1.32,6.0,38.0,19.0,9.0,10.0,65.0,54.0,66.0,1.74
195,18,Sun,22/12/2019,16:30,Tottenham,0.3,0,Chelsea,1.3,2,-1,75.86,80.08,4.0,38.0,23.0,2.0,13.0,67.0,39.0,71.0,1.87,3.0,38.0,21.0,9.0,8.0,63.0,39.0,72.0,1.89
197,19,Thu,26/12/2019,12:30,Tottenham,0.8,2,Brighton,1.0,1,1,85.07,76.14,4.0,38.0,23.0,2.0,13.0,67.0,39.0,71.0,1.87,17.0,38.0,9.0,9.0,20.0,35.0,60.0,36.0,0.95
198,19,Thu,26/12/2019,15:00,Aston Villa,0.6,1,Norwich City,1.2,0,1,82.0,74.21,,,,,,,,,,,,,,,,,,
199,19,Thu,26/12/2019,15:00,Crystal Palace,2.7,2,West Ham,0.9,1,1,75.93,80.15,12.0,38.0,14.0,7.0,17.0,51.0,53.0,49.0,1.29,10.0,38.0,15.0,7.0,16.0,52.0,55.0,52.0,1.37
200,19,Thu,26/12/2019,15:00,Bournemouth,2.0,1,Arsenal,1.4,1,0,75.92,73.29,14.0,38.0,13.0,6.0,19.0,56.0,70.0,45.0,1.18,5.0,38.0,21.0,7.0,10.0,73.0,51.0,70.0,1.84
201,19,Thu,26/12/2019,15:00,Sheffield Utd,2.4,1,Watford,0.6,1,0,76.57,78.71,,,,,,,,,,11.0,38.0,14.0,8.0,16.0,52.0,59.0,50.0,1.32
202,19,Thu,26/12/2019,15:00,Everton,1.4,1,Burnley,0.3,0,1,75.36,80.15,8.0,38.0,15.0,9.0,14.0,54.0,46.0,54.0,1.42,15.0,38.0,11.0,7.0,20.0,45.0,68.0,40.0,1.05
203,19,Thu,26/12/2019,15:00,Chelsea,0.7,0,Southampton,1.1,2,-1,74.64,77.21,3.0,38.0,21.0,9.0,8.0,63.0,39.0,72.0,1.89,16.0,38.0,9.0,12.0,17.0,45.0,65.0,39.0,1.03
204,19,Thu,26/12/2019,17:30,Manchester Utd,1.9,4,Newcastle Utd,0.8,1,1,72.36,74.93,6.0,38.0,19.0,9.0,10.0,65.0,54.0,66.0,1.74,13.0,38.0,12.0,9.0,17.0,42.0,48.0,45.0,1.18
205,19,Thu,26/12/2019,20:00,Leicester City,0.1,0,Liverpool,3.2,4,-1,76.92,74.93,9.0,38.0,15.0,7.0,16.0,51.0,48.0,52.0,1.37,2.0,38.0,30.0,7.0,1.0,89.0,22.0,97.0,2.55
206,19,Fri,27/12/2019,19:45,Wolves,2.6,3,Manchester City,1.5,2,1,81.38,77.85,7.0,38.0,16.0,9.0,13.0,47.0,46.0,57.0,1.5,1.0,38.0,32.0,2.0,4.0,95.0,23.0,98.0,2.58
208,20,Sat,28/12/2019,12:30,Brighton,0.8,2,Bournemouth,0.5,0,1,83.79,74.36,17.0,38.0,9.0,9.0,20.0,35.0,60.0,36.0,0.95,14.0,38.0,13.0,6.0,19.0,56.0,70.0,45.0,1.18
209,20,Sat,28/12/2019,15:00,Watford,2.8,3,Aston Villa,0.6,0,1,74.36,76.5,11.0,38.0,14.0,8.0,16.0,52.0,59.0,50.0,1.32,,,,,,,,,
210,20,Sat,28/12/2019,15:00,Newcastle Utd,1.8,1,Everton,2.9,2,-1,76.42,80.07,13.0,38.0,12.0,9.0,17.0,42.0,48.0,45.0,1.18,8.0,38.0,15.0,9.0,14.0,54.0,46.0,54.0,1.42
211,20,Sat,28/12/2019,15:00,Southampton,1.4,1,Crystal Palace,0.3,1,0,78.82,75.92,16.0,38.0,9.0,12.0,17.0,45.0,65.0,39.0,1.03,12.0,38.0,14.0,7.0,17.0,51.0,53.0,49.0,1.29
212,20,Sat,28/12/2019,17:30,West Ham,1.0,1,Leicester City,2.5,2,-1,78.79,77.0,10.0,38.0,15.0,7.0,16.0,52.0,55.0,52.0,1.37,9.0,38.0,15.0,7.0,16.0,51.0,48.0,52.0,1.37
213,20,Sat,28/12/2019,17:30,Norwich City,0.2,2,Tottenham,1.9,2,0,79.43,75.79,,,,,,,,,,4.0,38.0,23.0,2.0,13.0,67.0,39.0,71.0,1.87
214,20,Sat,28/12/2019,19:45,Burnley,0.5,0,Manchester Utd,2.2,2,-1,78.17,75.43,15.0,38.0,11.0,7.0,20.0,45.0,68.0,40.0,1.05,6.0,38.0,19.0,9.0,10.0,65.0,54.0,66.0,1.74
215,20,Sun,29/12/2019,14:00,Arsenal,0.5,1,Chelsea,1.4,2,-1,79.43,72.86,5.0,38.0,21.0,7.0,10.0,73.0,51.0,70.0,1.84,3.0,38.0,21.0,9.0,8.0,63.0,39.0,72.0,1.89
216,20,Sun,29/12/2019,16:30,Liverpool,1.2,1,Wolves,0.5,0,1,77.92,84.93,2.0,38.0,30.0,7.0,1.0,89.0,22.0,97.0,2.55,7.0,38.0,16.0,9.0,13.0,47.0,46.0,57.0,1.5
217,20,Sun,29/12/2019,18:00,Manchester City,1.1,2,Sheffield Utd,1.1,0,1,74.79,74.64,1.0,38.0,32.0,2.0,4.0,95.0,23.0,98.0,2.58,,,,,,,,,
219,21,Wed,01/01/2020,12:30,Brighton,1.3,1,Chelsea,1.3,1,0,75.08,77.92,17.0,38.0,9.0,9.0,20.0,35.0,60.0,36.0,0.95,3.0,38.0,21.0,9.0,8.0,63.0,39.0,72.0,1.89
220,21,Wed,01/01/2020,12:30,Burnley,2.2,1,Aston Villa,1.3,2,-1,79.0,74.36,15.0,38.0,11.0,7.0,20.0,45.0,68.0,40.0,1.05,,,,,,,,,
221,21,Wed,01/01/2020,15:00,Newcastle Utd,0.7,0,Leicester City,2.6,3,-1,73.29,76.14,13.0,38.0,12.0,9.0,17.0,42.0,48.0,45.0,1.18,9.0,38.0,15.0,7.0,16.0,51.0,48.0,52.0,1.37
222,21,Wed,01/01/2020,15:00,Southampton,1.3,1,Tottenham,0.9,0,1,84.36,75.85,16.0,38.0,9.0,12.0,17.0,45.0,65.0,39.0,1.03,4.0,38.0,23.0,2.0,13.0,67.0,39.0,71.0,1.87
223,21,Wed,01/01/2020,15:00,Watford,1.1,2,Wolves,1.2,1,1,75.79,77.58,11.0,38.0,14.0,8.0,16.0,52.0,59.0,50.0,1.32,7.0,38.0,16.0,9.0,13.0,47.0,46.0,57.0,1.5
224,21,Wed,01/01/2020,17:30,Norwich City,1.4,1,Crystal Palace,1.3,1,0,76.43,72.43,,,,,,,,,,12.0,38.0,14.0,7.0,17.0,51.0,53.0,49.0,1.29
225,21,Wed,01/01/2020,17:30,West Ham,2.4,4,Bournemouth,0.6,0,1,75.85,76.5,10.0,38.0,15.0,7.0,16.0,52.0,55.0,52.0,1.37,14.0,38.0,13.0,6.0,19.0,56.0,70.0,45.0,1.18
226,21,Wed,01/01/2020,17:30,Manchester City,1.5,2,Everton,1.0,1,1,75.86,79.5,1.0,38.0,32.0,2.0,4.0,95.0,23.0,98.0,2.58,8.0,38.0,15.0,9.0,14.0,54.0,46.0,54.0,1.42
227,21,Wed,01/01/2020,20:00,Arsenal,1.5,2,Manchester Utd,0.7,0,1,75.92,79.31,5.0,38.0,21.0,7.0,10.0,73.0,51.0,70.0,1.84,6.0,38.0,19.0,9.0,10.0,65.0,54.0,66.0,1.74
228,21,Thu,02/01/2020,20:00,Liverpool,2.8,2,Sheffield Utd,0.6,0,1,84.14,79.64,2.0,38.0,30.0,7.0,1.0,89.0,22.0,97.0,2.55,,,,,,,,,
230,22,Fri,10/01/2020,20:00,Sheffield Utd,1.4,1,West Ham,0.7,0,1,77.57,75.64,,,,,,,,,,10.0,38.0,15.0,7.0,16.0,52.0,55.0,52.0,1.37
231,22,Sat,11/01/2020,12:30,Crystal Palace,0.6,1,Arsenal,1.4,1,0,72.31,75.64,12.0,38.0,14.0,7.0,17.0,51.0,53.0,49.0,1.29,5.0,38.0,21.0,7.0,10.0,73.0,51.0,70.0,1.84
232,22,Sat,11/01/2020,15:00,Chelsea,2.7,3,Burnley,0.8,0,1,74.36,83.21,3.0,38.0,21.0,9.0,8.0,63.0,39.0,72.0,1.89,15.0,38.0,11.0,7.0,20.0,45.0,68.0,40.0,1.05
233,22,Sat,11/01/2020,15:00,Everton,1.7,1,Brighton,1.3,0,1,76.08,76.29,8.0,38.0,15.0,9.0,14.0,54.0,46.0,54.0,1.42,17.0,38.0,9.0,9.0,20.0,35.0,60.0,36.0,0.95
234,22,Sat,11/01/2020,15:00,Leicester City,0.7,1,Southampton,2.1,2,-1,80.14,78.93,9.0,38.0,15.0,7.0,16.0,51.0,48.0,52.0,1.37,16.0,38.0,9.0,12.0,17.0,45.0,65.0,39.0,1.03
235,22,Sat,11/01/2020,15:00,Wolves,1.6,1,Newcastle Utd,0.2,1,0,80.0,76.23,7.0,38.0,16.0,9.0,13.0,47.0,46.0,57.0,1.5,13.0,38.0,12.0,9.0,17.0,42.0,48.0,45.0,1.18
236,22,Sat,11/01/2020,15:00,Manchester Utd,2.9,4,Norwich City,0.3,0,1,79.07,73.0,6.0,38.0,19.0,9.0,10.0,65.0,54.0,66.0,1.74,,,,,,,,,
237,22,Sat,11/01/2020,17:30,Tottenham,1.2,0,Liverpool,1.2,1,-1,79.57,76.45,4.0,38.0,23.0,2.0,13.0,67.0,39.0,71.0,1.87,2.0,38.0,30.0,7.0,1.0,89.0,22.0,97.0,2.55
238,22,Sun,12/01/2020,14:00,Bournemouth,0.4,0,Watford,2.0,3,-1,77.46,84.07,14.0,38.0,13.0,6.0,19.0,56.0,70.0,45.0,1.18,11.0,38.0,14.0,8.0,16.0,52.0,59.0,50.0,1.32
239,22,Sun,12/01/2020,16:30,Aston Villa,1.1,1,Manchester City,2.8,6,-1,75.67,82.64,,,,,,,,,,1.0,38.0,32.0,2.0,4.0,95.0,23.0,98.0,2.58
241,23,Sat,18/01/2020,12:30,Watford,2.5,0,Tottenham,1.9,0,0,77.07,77.31,11.0,38.0,14.0,8.0,16.0,52.0,59.0,50.0,1.32,4.0,38.0,23.0,2.0,13.0,67.0,39.0,71.0,1.87
242,23,Sat,18/01/2020,15:00,Arsenal,1.4,1,Sheffield Utd,0.8,1,0,75.43,77.93,5.0,38.0,21.0,7.0,10.0,73.0,51.0,70.0,1.84,,,,,,,,,
243,23,Sat,18/01/2020,15:00,Norwich City,1.8,1,Bournemouth,0.7,0,1,76.64,74.79,,,,,,,,,,14.0,38.0,13.0,6.0,19.0,56.0,70.0,45.0,1.18
244,23,Sat,18/01/2020,15:00,Manchester City,2.6,2,Crystal Palace,0.4,2,0,83.5,75.21,1.0,38.0,32.0,2.0,4.0,95.0,23.0,98.0,2.58,12.0,38.0,14.0,7.0,17.0,51.0,53.0,49.0,1.29
245,23,Sat,18/01/2020,15:00,Southampton,0.7,2,Wolves,2.4,3,-1,76.64,73.14,16.0,38.0,9.0,12.0,17.0,45.0,65.0,39.0,1.03,7.0,38.0,16.0,9.0,13.0,47.0,46.0,57.0,1.5
246,23,Sat,18/01/2020,15:00,Brighton,1.1,1,Aston Villa,0.6,1,0,76.64,73.36,17.0,38.0,9.0,9.0,20.0,35.0,60.0,36.0,0.95,,,,,,,,,
247,23,Sat,18/01/2020,15:00,West Ham,1.3,1,Everton,1.7,1,0,80.5,78.14,10.0,38.0,15.0,7.0,16.0,52.0,55.0,52.0,1.37,8.0,38.0,15.0,9.0,14.0,54.0,46.0,54.0,1.42
248,23,Sat,18/01/2020,17:30,Newcastle Utd,0.6,1,Chelsea,2.4,0,1,76.45,78.93,13.0,38.0,12.0,9.0,17.0,42.0,48.0,45.0,1.18,3.0,38.0,21.0,9.0,8.0,63.0,39.0,72.0,1.89
249,23,Sun,19/01/2020,14:00,Burnley,1.4,2,Leicester City,2.5,1,1,78.43,83.93,15.0,38.0,11.0,7.0,20.0,45.0,68.0,40.0,1.05,9.0,38.0,15.0,7.0,16.0,51.0,48.0,52.0,1.37
250,23,Sun,19/01/2020,16:30,Liverpool,1.9,2,Manchester Utd,1.3,0,1,79.21,76.43,2.0,38.0,30.0,7.0,1.0,89.0,22.0,97.0,2.55,6.0,38.0,19.0,9.0,10.0,65.0,54.0,66.0,1.74
252,24,Tue,21/01/2020,19:30,Crystal Palace,0.6,0,Southampton,1.1,2,-1,75.0,75.79,12.0,38.0,14.0,7.0,17.0,51.0,53.0,49.0,1.29,16.0,38.0,9.0,12.0,17.0,45.0,65.0,39.0,1.03
253,24,Tue,21/01/2020,19:30,Everton,1.8,2,Newcastle Utd,1.3,2,0,78.14,79.57,8.0,38.0,15.0,9.0,14.0,54.0,46.0,54.0,1.42,13.0,38.0,12.0,9.0,17.0,42.0,48.0,45.0,1.18
254,24,Tue,21/01/2020,19:30,Aston Villa,1.3,2,Watford,1.8,1,1,74.93,75.92,,,,,,,,,,11.0,38.0,14.0,8.0,16.0,52.0,59.0,50.0,1.32
255,24,Tue,21/01/2020,19:30,Sheffield Utd,0.8,0,Manchester City,2.8,1,-1,73.36,84.64,,,,,,,,,,1.0,38.0,32.0,2.0,4.0,95.0,23.0,98.0,2.58
256,24,Tue,21/01/2020,19:30,Bournemouth,1.4,3,Brighton,1.8,1,1,73.43,79.86,14.0,38.0,13.0,6.0,19.0,56.0,70.0,45.0,1.18,17.0,38.0,9.0,9.0,20.0,35.0,60.0,36.0,0.95
257,24,Tue,21/01/2020,20:15,Chelsea,2.9,2,Arsenal,0.4,2,0,79.79,76.93,3.0,38.0,21.0,9.0,8.0,63.0,39.0,72.0,1.89,5.0,38.0,21.0,7.0,10.0,73.0,51.0,70.0,1.84
258,24,Wed,22/01/2020,19:30,Leicester City,2.8,4,West Ham,1.6,1,1,80.21,80.29,9.0,38.0,15.0,7.0,16.0,51.0,48.0,52.0,1.37,10.0,38.0,15.0,7.0,16.0,52.0,55.0,52.0,1.37
259,24,Wed,22/01/2020,19:30,Tottenham,2.1,2,Norwich City,1.5,1,1,84.43,76.08,4.0,38.0,23.0,2.0,13.0,67.0,39.0,71.0,1.87,,,,,,,,,
260,24,Wed,22/01/2020,20:15,Manchester Utd,1.4,0,Burnley,0.6,2,-1,79.23,79.57,6.0,38.0,19.0,9.0,10.0,65.0,54.0,66.0,1.74,15.0,38.0,11.0,7.0,20.0,45.0,68.0,40.0,1.05
261,24,Thu,23/01/2020,20:00,Wolves,1.8,1,Liverpool,1.1,2,-1,75.85,77.38,7.0,38.0,16.0,9.0,13.0,47.0,46.0,57.0,1.5,2.0,38.0,30.0,7.0,1.0,89.0,22.0,97.0,2.55
263,18,Wed,29/01/2020,19:45,West Ham,0.7,0,Liverpool,2.8,2,-1,75.36,75.21,10.0,38.0,15.0,7.0,16.0,52.0,55.0,52.0,1.37,2.0,38.0,30.0,7.0,1.0,89.0,22.0,97.0,2.55
265,25,Sat,01/02/2020,12:30,Leicester City,1.4,2,Chelsea,0.6,2,0,78.86,84.08,9.0,38.0,15.0,7.0,16.0,51.0,48.0,52.0,1.37,3.0,38.0,21.0,9.0,8.0,63.0,39.0,72.0,1.89
266,25,Sat,01/02/2020,15:00,West Ham,0.8,3,Brighton,1.9,3,0,77.71,73.29,10.0,38.0,15.0,7.0,16.0,52.0,55.0,52.0,1.37,17.0,38.0,9.0,9.0,20.0,35.0,60.0,36.0,0.95
267,25,Sat,01/02/2020,15:00,Watford,0.9,2,Everton,2.2,3,-1,80.0,75.64,11.0,38.0,14.0,8.0,16.0,52.0,59.0,50.0,1.32,8.0,38.0,15.0,9.0,14.0,54.0,46.0,54.0,1.42
268,25,Sat,01/02/2020,15:00,Crystal Palace,0.8,0,Sheffield Utd,0.7,1,-1,79.79,77.86,12.0,38.0,14.0,7.0,17.0,51.0,53.0,49.0,1.29,,,,,,,,,
269,25,Sat,01/02/2020,15:00,Liverpool,3.2,4,Southampton,0.8,0,1,83.77,76.43,2.0,38.0,30.0,7.0,1.0,89.0,22.0,97.0,2.55,16.0,38.0,9.0,12.0,17.0,45.0,65.0,39.0,1.03
270,25,Sat,01/02/2020,15:00,Bournemouth,2.2,2,Aston Villa,1.7,1,1,73.29,79.43,14.0,38.0,13.0,6.0,19.0,56.0,70.0,45.0,1.18,,,,,,,,,
271,25,Sat,01/02/2020,15:00,Newcastle Utd,1.0,0,Norwich City,2.2,0,0,75.64,75.85,13.0,38.0,12.0,9.0,17.0,42.0,48.0,45.0,1.18,,,,,,,,,
272,25,Sat,01/02/2020,17:30,Manchester Utd,1.0,0,Wolves,1.3,0,0,76.08,75.0,6.0,38.0,19.0,9.0,10.0,65.0,54.0,66.0,1.74,7.0,38.0,16.0,9.0,13.0,47.0,46.0,57.0,1.5
273,25,Sun,02/02/2020,14:00,Burnley,1.9,0,Arsenal,1.2,0,0,76.23,79.14,15.0,38.0,11.0,7.0,20.0,45.0,68.0,40.0,1.05,5.0,38.0,21.0,7.0,10.0,73.0,51.0,70.0,1.84
274,25,Sun,02/02/2020,16:30,Tottenham,0.3,2,Manchester City,2.4,0,1,77.42,75.92,4.0,38.0,23.0,2.0,13.0,67.0,39.0,71.0,1.87,1.0,38.0,32.0,2.0,4.0,95.0,23.0,98.0,2.58
276,26,Sat,08/02/2020,12:30,Everton,2.5,3,Crystal Palace,1.1,1,1,77.14,78.29,8.0,38.0,15.0,9.0,14.0,54.0,46.0,54.0,1.42,12.0,38.0,14.0,7.0,17.0,51.0,53.0,49.0,1.29
277,26,Sat,08/02/2020,17:30,Brighton,0.8,1,Watford,0.2,1,0,78.29,80.71,17.0,38.0,9.0,9.0,20.0,35.0,60.0,36.0,0.95,11.0,38.0,14.0,8.0,16.0,52.0,59.0,50.0,1.32
278,26,Sun,09/02/2020,14:00,Sheffield Utd,1.9,2,Bournemouth,1.4,1,1,82.77,75.0,,,,,,,,,,14.0,38.0,13.0,6.0,19.0,56.0,70.0,45.0,1.18
279,26,Fri,14/02/2020,20:00,Wolves,1.0,0,Leicester City,0.7,0,0,78.85,76.21,7.0,38.0,16.0,9.0,13.0,47.0,46.0,57.0,1.5,9.0,38.0,15.0,7.0,16.0,51.0,48.0,52.0,1.37
280,26,Sat,15/02/2020,12:30,Southampton,0.8,1,Burnley,0.8,2,-1,76.42,74.79,16.0,38.0,9.0,12.0,17.0,45.0,65.0,39.0,1.03,15.0,38.0,11.0,7.0,20.0,45.0,68.0,40.0,1.05
281,26,Sat,15/02/2020,17:30,Norwich City,0.3,0,Liverpool,2.0,1,-1,74.77,77.14,,,,,,,,,,2.0,38.0,30.0,7.0,1.0,89.0,22.0,97.0,2.55
282,26,Sun,16/02/2020,14:00,Aston Villa,1.8,2,Tottenham,3.4,3,-1,79.79,76.43,,,,,,,,,,4.0,38.0,23.0,2.0,13.0,67.0,39.0,71.0,1.87
283,26,Sun,16/02/2020,16:30,Arsenal,2.6,4,Newcastle Utd,0.9,0,1,74.71,72.64,5.0,38.0,21.0,7.0,10.0,73.0,51.0,70.0,1.84,13.0,38.0,12.0,9.0,17.0,42.0,48.0,45.0,1.18
284,26,Mon,17/02/2020,20:00,Chelsea,0.9,0,Manchester Utd,0.6,2,-1,75.69,78.57,3.0,38.0,21.0,9.0,8.0,63.0,39.0,72.0,1.89,6.0,38.0,19.0,9.0,10.0,65.0,54.0,66.0,1.74
285,26,Wed,19/02/2020,19:30,Manchester City,2.1,2,West Ham,0.1,0,1,77.57,78.0,1.0,38.0,32.0,2.0,4.0,95.0,23.0,98.0,2.58,10.0,38.0,15.0,7.0,16.0,52.0,55.0,52.0,1.37
287,27,Sat,22/02/2020,12:30,Chelsea,1.7,2,Tottenham,0.2,1,1,79.29,73.62,3.0,38.0,21.0,9.0,8.0,63.0,39.0,72.0,1.89,4.0,38.0,23.0,2.0,13.0,67.0,39.0,71.0,1.87
288,27,Sat,22/02/2020,15:00,Crystal Palace,1.6,1,Newcastle Utd,0.2,0,1,73.47,74.07,12.0,38.0,14.0,7.0,17.0,51.0,53.0,49.0,1.29,13.0,38.0,12.0,9.0,17.0,42.0,48.0,45.0,1.18
289,27,Sat,22/02/2020,15:00,Southampton,2.6,2,Aston Villa,0.5,0,1,83.38,78.06,16.0,38.0,9.0,12.0,17.0,45.0,65.0,39.0,1.03,,,,,,,,,
290,27,Sat,22/02/2020,15:00,Burnley,3.2,3,Bournemouth,1.8,0,1,72.0,73.44,15.0,38.0,11.0,7.0,20.0,45.0,68.0,40.0,1.05,14.0,38.0,13.0,6.0,19.0,56.0,70.0,45.0,1.18
291,27,Sat,22/02/2020,15:00,Sheffield Utd,1.6,1,Brighton,1.2,1,0,79.38,81.62,,,,,,,,,,17.0,38.0,9.0,9.0,20.0,35.0,60.0,36.0,0.95
292,27,Sat,22/02/2020,17:30,Leicester City,0.8,0,Manchester City,2.4,1,-1,74.5,78.79,9.0,38.0,15.0,7.0,16.0,51.0,48.0,52.0,1.37,1.0,38.0,32.0,2.0,4.0,95.0,23.0,98.0,2.58
293,27,Sun,23/02/2020,14:00,Wolves,2.9,3,Norwich City,0.4,0,1,75.62,77.94,7.0,38.0,16.0,9.0,13.0,47.0,46.0,57.0,1.5,,,,,,,,,
294,27,Sun,23/02/2020,14:00,Manchester Utd,2.4,3,Watford,0.3,0,1,77.14,77.27,6.0,38.0,19.0,9.0,10.0,65.0,54.0,66.0,1.74,11.0,38.0,14.0,8.0,16.0,52.0,59.0,50.0,1.32
295,27,Sun,23/02/2020,16:30,Arsenal,1.3,3,Everton,2.7,2,1,75.71,76.14,5.0,38.0,21.0,7.0,10.0,73.0,51.0,70.0,1.84,8.0,38.0,15.0,9.0,14.0,54.0,46.0,54.0,1.42
296,27,Mon,24/02/2020,20:00,Liverpool,2.4,3,West Ham,0.7,2,1,77.25,73.47,2.0,38.0,30.0,7.0,1.0,89.0,22.0,97.0,2.55,10.0,38.0,15.0,7.0,16.0,52.0,55.0,52.0,1.37
298,28,Fri,28/02/2020,20:00,Norwich City,0.6,1,Leicester City,1.3,0,1,78.07,82.12,,,,,,,,,,9.0,38.0,15.0,7.0,16.0,51.0,48.0,52.0,1.37
299,28,Sat,29/02/2020,12:30,Brighton,2.2,0,Crystal Palace,2.5,1,-1,83.8,75.15,17.0,38.0,9.0,9.0,20.0,35.0,60.0,36.0,0.95,12.0,38.0,14.0,7.0,17.0,51.0,53.0,49.0,1.29
300,28,Sat,29/02/2020,15:00,West Ham,2.3,3,Southampton,0.7,1,1,79.0,74.81,10.0,38.0,15.0,7.0,16.0,52.0,55.0,52.0,1.37,16.0,38.0,9.0,12.0,17.0,45.0,65.0,39.0,1.03
301,28,Sat,29/02/2020,15:00,Bournemouth,1.4,2,Chelsea,1.9,2,0,79.29,78.08,14.0,38.0,13.0,6.0,19.0,56.0,70.0,45.0,1.18,3.0,38.0,21.0,9.0,8.0,63.0,39.0,72.0,1.89
302,28,Sat,29/02/2020,15:00,Newcastle Utd,1.1,0,Burnley,0.7,0,0,72.94,77.53,13.0,38.0,12.0,9.0,17.0,42.0,48.0,45.0,1.18,15.0,38.0,11.0,7.0,20.0,45.0,68.0,40.0,1.05
303,28,Sat,29/02/2020,17:30,Watford,2.3,3,Liverpool,0.3,0,1,77.67,75.0,11.0,38.0,14.0,8.0,16.0,52.0,59.0,50.0,1.32,2.0,38.0,30.0,7.0,1.0,89.0,22.0,97.0,2.55
304,28,Sun,01/03/2020,14:00,Tottenham,1.7,2,Wolves,2.6,3,-1,81.12,72.93,4.0,38.0,23.0,2.0,13.0,67.0,39.0,71.0,1.87,7.0,38.0,16.0,9.0,13.0,47.0,46.0,57.0,1.5
305,28,Sun,01/03/2020,14:00,Everton,2.1,1,Manchester Utd,1.1,1,0,77.13,73.47,8.0,38.0,15.0,9.0,14.0,54.0,46.0,54.0,1.42,6.0,38.0,19.0,9.0,10.0,65.0,54.0,66.0,1.74
307,29,Sat,07/03/2020,12:30,Liverpool,1.8,2,Bournemouth,1.4,1,1,75.13,77.8,2.0,38.0,30.0,7.0,1.0,89.0,22.0,97.0,2.55,14.0,38.0,13.0,6.0,19.0,56.0,70.0,45.0,1.18
308,29,Sat,07/03/2020,15:00,Wolves,0.8,0,Brighton,0.3,0,0,75.58,74.73,7.0,38.0,16.0,9.0,13.0,47.0,46.0,57.0,1.5,17.0,38.0,9.0,9.0,20.0,35.0,60.0,36.0,0.95
309,29,Sat,07/03/2020,15:00,Crystal Palace,0.8,1,Watford,0.6,0,1,80.73,83.8,12.0,38.0,14.0,7.0,17.0,51.0,53.0,49.0,1.29,11.0,38.0,14.0,8.0,16.0,52.0,59.0,50.0,1.32
310,29,Sat,07/03/2020,15:00,Southampton,0.6,0,Newcastle Utd,2.8,1,-1,73.25,78.15,16.0,38.0,9.0,12.0,17.0,45.0,65.0,39.0,1.03,13.0,38.0,12.0,9.0,17.0,42.0,48.0,45.0,1.18
311,29,Sat,07/03/2020,15:00,Arsenal,1.2,1,West Ham,1.5,0,1,74.73,75.15,5.0,38.0,21.0,7.0,10.0,73.0,51.0,70.0,1.84,10.0,38.0,15.0,7.0,16.0,52.0,55.0,52.0,1.37
312,29,Sat,07/03/2020,15:00,Sheffield Utd,0.9,1,Norwich City,2.4,0,1,76.69,75.08,,,,,,,,,,,,,,,,,,
313,29,Sat,07/03/2020,17:30,Burnley,3.0,1,Tottenham,1.2,1,0,75.62,80.62,15.0,38.0,11.0,7.0,20.0,45.0,68.0,40.0,1.05,4.0,38.0,23.0,2.0,13.0,67.0,39.0,71.0,1.87
314,29,Sun,08/03/2020,14:00,Chelsea,1.8,4,Everton,0.5,0,1,75.06,76.62,3.0,38.0,21.0,9.0,8.0,63.0,39.0,72.0,1.89,8.0,38.0,15.0,9.0,14.0,54.0,46.0,54.0,1.42
315,29,Sun,08/03/2020,16:30,Manchester Utd,1.6,2,Manchester City,0.6,0,1,78.36,78.93,6.0,38.0,19.0,9.0,10.0,65.0,54.0,66.0,1.74,1.0,38.0,32.0,2.0,4.0,95.0,23.0,98.0,2.58
316,29,Mon,09/03/2020,20:00,Leicester City,2.1,4,Aston Villa,0.5,0,1,77.94,72.69,9.0,38.0,15.0,7.0,16.0,51.0,48.0,52.0,1.37,,,,,,,,,
318,28,Wed,17/06/2020,18:00,Aston Villa,1.4,0,Sheffield Utd,0.3,0,0,73.46,79.67,,,,,,,,,,,,,,,,,,
319,28,Wed,17/06/2020,20:15,Manchester City,2.6,3,Arsenal,0.3,0,1,83.27,82.69,1.0,38.0,32.0,2.0,4.0,95.0,23.0,98.0,2.58,5.0,38.0,21.0,7.0,10.0,73.0,51.0,70.0,1.84
321,30,Fri,19/06/2020,18:00,Norwich City,0.6,0,Southampton,1.7,3,-1,78.0,75.2,,,,,,,,,,16.0,38.0,9.0,12.0,17.0,45.0,65.0,39.0,1.03
322,30,Fri,19/06/2020,20:15,Tottenham,0.4,1,Manchester Utd,1.7,1,0,81.69,74.94,4.0,38.0,23.0,2.0,13.0,67.0,39.0,71.0,1.87,6.0,38.0,19.0,9.0,10.0,65.0,54.0,66.0,1.74
323,30,Sat,20/06/2020,12:30,Watford,1.3,1,Leicester City,1.0,1,0,77.64,77.88,11.0,38.0,14.0,8.0,16.0,52.0,59.0,50.0,1.32,9.0,38.0,15.0,7.0,16.0,51.0,48.0,52.0,1.37
324,30,Sat,20/06/2020,15:00,Brighton,1.0,2,Arsenal,0.8,1,1,79.33,74.8,17.0,38.0,9.0,9.0,20.0,35.0,60.0,36.0,0.95,5.0,38.0,21.0,7.0,10.0,73.0,51.0,70.0,1.84
325,30,Sat,20/06/2020,17:30,West Ham,0.5,0,Wolves,1.0,2,-1,74.69,73.73,10.0,38.0,15.0,7.0,16.0,52.0,55.0,52.0,1.37,7.0,38.0,16.0,9.0,13.0,47.0,46.0,57.0,1.5
326,30,Sat,20/06/2020,19:45,Bournemouth,0.5,0,Crystal Palace,0.8,2,-1,76.8,77.31,14.0,38.0,13.0,6.0,19.0,56.0,70.0,45.0,1.18,12.0,38.0,14.0,7.0,17.0,51.0,53.0,49.0,1.29
327,30,Sun,21/06/2020,14:00,Newcastle Utd,2.0,3,Sheffield Utd,0.6,0,1,81.94,71.86,13.0,38.0,12.0,9.0,17.0,42.0,48.0,45.0,1.18,,,,,,,,,
328,30,Sun,21/06/2020,16:15,Aston Villa,1.0,1,Chelsea,1.1,2,-1,75.08,82.54,,,,,,,,,,3.0,38.0,21.0,9.0,8.0,63.0,39.0,72.0,1.89
329,30,Sun,21/06/2020,19:00,Everton,0.9,0,Liverpool,0.7,0,0,79.71,78.12,8.0,38.0,15.0,9.0,14.0,54.0,46.0,54.0,1.42,2.0,38.0,30.0,7.0,1.0,89.0,22.0,97.0,2.55
330,30,Mon,22/06/2020,20:00,Manchester City,2.4,5,Burnley,0.0,0,1,76.47,78.36,1.0,38.0,32.0,2.0,4.0,95.0,23.0,98.0,2.58,15.0,38.0,11.0,7.0,20.0,45.0,68.0,40.0,1.05
332,31,Tue,23/06/2020,18:00,Leicester City,0.6,0,Brighton,1.1,0,0,78.07,77.8,9.0,38.0,15.0,7.0,16.0,51.0,48.0,52.0,1.37,17.0,38.0,9.0,9.0,20.0,35.0,60.0,36.0,0.95
333,31,Tue,23/06/2020,20:15,Tottenham,2.3,2,West Ham,1.2,0,1,82.62,75.81,4.0,38.0,23.0,2.0,13.0,67.0,39.0,71.0,1.87,10.0,38.0,15.0,7.0,16.0,52.0,55.0,52.0,1.37
334,31,Wed,24/06/2020,18:00,Norwich City,0.4,0,Everton,0.8,1,-1,77.31,75.08,,,,,,,,,,8.0,38.0,15.0,9.0,14.0,54.0,46.0,54.0,1.42
335,31,Wed,24/06/2020,18:00,Wolves,1.7,1,Bournemouth,0.1,0,1,74.08,78.75,7.0,38.0,16.0,9.0,13.0,47.0,46.0,57.0,1.5,14.0,38.0,13.0,6.0,19.0,56.0,70.0,45.0,1.18
336,31,Wed,24/06/2020,18:00,Manchester Utd,2.4,3,Sheffield Utd,0.1,0,1,74.79,82.88,6.0,38.0,19.0,9.0,10.0,65.0,54.0,66.0,1.74,,,,,,,,,
337,31,Wed,24/06/2020,18:00,Newcastle Utd,0.9,1,Aston Villa,1.6,1,0,78.2,75.36,13.0,38.0,12.0,9.0,17.0,42.0,48.0,45.0,1.18,,,,,,,,,
338,31,Wed,24/06/2020,20:15,Liverpool,2.4,4,Crystal Palace,0.1,0,1,75.46,79.53,2.0,38.0,30.0,7.0,1.0,89.0,22.0,97.0,2.55,12.0,38.0,14.0,7.0,17.0,51.0,53.0,49.0,1.29
339,31,Thu,25/06/2020,18:00,Southampton,0.9,0,Arsenal,1.9,2,-1,72.33,81.12,16.0,38.0,9.0,12.0,17.0,45.0,65.0,39.0,1.03,5.0,38.0,21.0,7.0,10.0,73.0,51.0,70.0,1.84
340,31,Thu,25/06/2020,18:00,Burnley,0.9,1,Watford,0.7,0,1,71.75,76.88,15.0,38.0,11.0,7.0,20.0,45.0,68.0,40.0,1.05,11.0,38.0,14.0,8.0,16.0,52.0,59.0,50.0,1.32
341,31,Thu,25/06/2020,20:15,Chelsea,3.2,2,Manchester City,0.8,1,1,74.69,77.2,3.0,38.0,21.0,9.0,8.0,63.0,39.0,72.0,1.89,1.0,38.0,32.0,2.0,4.0,95.0,23.0,98.0,2.58
343,32,Sat,27/06/2020,12:30,Aston Villa,0.6,0,Wolves,0.7,1,-1,74.57,79.25,,,,,,,,,,7.0,38.0,16.0,9.0,13.0,47.0,46.0,57.0,1.5
344,32,Sun,28/06/2020,16:30,Watford,0.5,1,Southampton,1.3,3,-1,75.5,82.5,11.0,38.0,14.0,8.0,16.0,52.0,59.0,50.0,1.32,16.0,38.0,9.0,12.0,17.0,45.0,65.0,39.0,1.03
345,32,Mon,29/06/2020,20:00,Crystal Palace,0.9,0,Burnley,0.4,1,-1,78.14,76.12,12.0,38.0,14.0,7.0,17.0,51.0,53.0,49.0,1.29,15.0,38.0,11.0,7.0,20.0,45.0,68.0,40.0,1.05
346,32,Tue,30/06/2020,20:15,Brighton,0.4,0,Manchester Utd,1.0,3,-1,73.33,76.07,17.0,38.0,9.0,9.0,20.0,35.0,60.0,36.0,0.95,6.0,38.0,19.0,9.0,10.0,65.0,54.0,66.0,1.74
347,32,Wed,01/07/2020,18:00,Bournemouth,1.6,1,Newcastle Utd,1.8,4,-1,78.71,78.33,14.0,38.0,13.0,6.0,19.0,56.0,70.0,45.0,1.18,13.0,38.0,12.0,9.0,17.0,42.0,48.0,45.0,1.18
348,32,Wed,01/07/2020,18:00,Everton,1.2,2,Leicester City,1.8,1,1,74.5,78.07,8.0,38.0,15.0,9.0,14.0,54.0,46.0,54.0,1.42,9.0,38.0,15.0,7.0,16.0,51.0,48.0,52.0,1.37
349,32,Wed,01/07/2020,18:00,Arsenal,1.5,4,Norwich City,0.3,0,1,81.33,74.5,5.0,38.0,21.0,7.0,10.0,73.0,51.0,70.0,1.84,,,,,,,,,
350,32,Wed,01/07/2020,20:15,West Ham,2.2,3,Chelsea,1.6,2,1,79.53,71.75,10.0,38.0,15.0,7.0,16.0,52.0,55.0,52.0,1.37,3.0,38.0,21.0,9.0,8.0,63.0,39.0,72.0,1.89
351,32,Thu,02/07/2020,18:00,Sheffield Utd,1.6,3,Tottenham,1.1,1,1,76.43,80.0,,,,,,,,,,4.0,38.0,23.0,2.0,13.0,67.0,39.0,71.0,1.87
352,32,Thu,02/07/2020,20:15,Manchester City,2.4,4,Liverpool,1.1,0,1,74.79,77.73,1.0,38.0,32.0,2.0,4.0,95.0,23.0,98.0,2.58,2.0,38.0,30.0,7.0,1.0,89.0,22.0,97.0,2.55
354,33,Sat,04/07/2020,12:30,Norwich City,0.6,0,Brighton,1.0,1,-1,78.06,83.67,,,,,,,,,,17.0,38.0,9.0,9.0,20.0,35.0,60.0,36.0,0.95
355,33,Sat,04/07/2020,15:00,Leicester City,2.8,3,Crystal Palace,0.8,0,1,77.08,74.67,9.0,38.0,15.0,7.0,16.0,51.0,48.0,52.0,1.37,12.0,38.0,14.0,7.0,17.0,51.0,53.0,49.0,1.29
356,33,Sat,04/07/2020,15:00,Manchester Utd,2.5,5,Bournemouth,1.8,2,1,76.62,73.46,6.0,38.0,19.0,9.0,10.0,65.0,54.0,66.0,1.74,14.0,38.0,13.0,6.0,19.0,56.0,70.0,45.0,1.18
357,33,Sat,04/07/2020,17:30,Wolves,1.2,0,Arsenal,1.3,2,-1,75.36,81.31,7.0,38.0,16.0,9.0,13.0,47.0,46.0,57.0,1.5,5.0,38.0,21.0,7.0,10.0,73.0,51.0,70.0,1.84
358,33,Sat,04/07/2020,20:00,Chelsea,2.5,3,Watford,0.6,0,1,73.57,75.38,3.0,38.0,21.0,9.0,8.0,63.0,39.0,72.0,1.89,11.0,38.0,14.0,8.0,16.0,52.0,59.0,50.0,1.32
359,33,Sun,05/07/2020,12:00,Burnley,1.3,1,Sheffield Utd,1.1,1,0,76.29,75.47,15.0,38.0,11.0,7.0,20.0,45.0,68.0,40.0,1.05,,,,,,,,,
360,33,Sun,05/07/2020,14:15,Newcastle Utd,1.4,2,West Ham,2.1,2,0,72.93,74.69,13.0,38.0,12.0,9.0,17.0,42.0,48.0,45.0,1.18,10.0,38.0,15.0,7.0,16.0,52.0,55.0,52.0,1.37
361,33,Sun,05/07/2020,16:30,Liverpool,0.7,2,Aston Villa,0.7,0,1,74.5,75.07,2.0,38.0,30.0,7.0,1.0,89.0,22.0,97.0,2.55,,,,,,,,,
362,33,Sun,05/07/2020,19:00,Southampton,0.6,1,Manchester City,3.2,0,1,78.47,76.19,16.0,38.0,9.0,12.0,17.0,45.0,65.0,39.0,1.03,1.0,38.0,32.0,2.0,4.0,95.0,23.0,98.0,2.58
363,33,Mon,06/07/2020,20:00,Tottenham,0.5,1,Everton,0.5,0,1,75.5,76.86,4.0,38.0,23.0,2.0,13.0,67.0,39.0,71.0,1.87,8.0,38.0,15.0,9.0,14.0,54.0,46.0,54.0,1.42
365,34,Tue,07/07/2020,18:00,Crystal Palace,1.5,2,Chelsea,1.9,3,-1,78.15,74.62,12.0,38.0,14.0,7.0,17.0,51.0,53.0,49.0,1.29,3.0,38.0,21.0,9.0,8.0,63.0,39.0,72.0,1.89
366,34,Tue,07/07/2020,18:00,Watford,1.2,2,Norwich City,1.2,1,1,75.14,83.21,11.0,38.0,14.0,8.0,16.0,52.0,59.0,50.0,1.32,,,,,,,,,
367,34,Tue,07/07/2020,20:15,Arsenal,1.1,1,Leicester City,0.9,1,0,73.0,78.07,5.0,38.0,21.0,7.0,10.0,73.0,51.0,70.0,1.84,9.0,38.0,15.0,7.0,16.0,51.0,48.0,52.0,1.37
368,34,Wed,08/07/2020,18:00,Manchester City,2.8,5,Newcastle Utd,0.3,0,1,80.77,76.29,1.0,38.0,32.0,2.0,4.0,95.0,23.0,98.0,2.58,13.0,38.0,12.0,9.0,17.0,42.0,48.0,45.0,1.18
369,34,Wed,08/07/2020,18:00,West Ham,1.6,0,Burnley,0.9,1,-1,82.5,79.47,10.0,38.0,15.0,7.0,16.0,52.0,55.0,52.0,1.37,15.0,38.0,11.0,7.0,20.0,45.0,68.0,40.0,1.05
370,34,Wed,08/07/2020,18:00,Sheffield Utd,0.5,1,Wolves,0.4,0,1,76.25,75.14,,,,,,,,,,7.0,38.0,16.0,9.0,13.0,47.0,46.0,57.0,1.5
371,34,Wed,08/07/2020,20:15,Brighton,2.4,1,Liverpool,2.5,3,-1,76.31,80.47,17.0,38.0,9.0,9.0,20.0,35.0,60.0,36.0,0.95,2.0,38.0,30.0,7.0,1.0,89.0,22.0,97.0,2.55
372,34,Thu,09/07/2020,18:00,Everton,1.0,1,Southampton,2.4,1,0,74.43,73.64,8.0,38.0,15.0,9.0,14.0,54.0,46.0,54.0,1.42,16.0,38.0,9.0,12.0,17.0,45.0,65.0,39.0,1.03
373,34,Thu,09/07/2020,18:00,Bournemouth,1.4,0,Tottenham,0.5,0,0,78.0,75.6,14.0,38.0,13.0,6.0,19.0,56.0,70.0,45.0,1.18,4.0,38.0,23.0,2.0,13.0,67.0,39.0,71.0,1.87
374,34,Thu,09/07/2020,20:15,Aston Villa,0.5,0,Manchester Utd,2.3,3,-1,74.77,79.53,,,,,,,,,,6.0,38.0,19.0,9.0,10.0,65.0,54.0,66.0,1.74
376,35,Sat,11/07/2020,12:30,Norwich City,0.6,0,West Ham,3.5,4,-1,79.06,76.75,,,,,,,,,,10.0,38.0,15.0,7.0,16.0,52.0,55.0,52.0,1.37
377,35,Sat,11/07/2020,12:30,Watford,3.4,2,Newcastle Utd,1.3,1,1,76.8,73.33,11.0,38.0,14.0,8.0,16.0,52.0,59.0,50.0,1.32,13.0,38.0,12.0,9.0,17.0,42.0,48.0,45.0,1.18
378,35,Sat,11/07/2020,15:00,Liverpool,1.7,1,Burnley,0.4,1,0,75.81,82.12,2.0,38.0,30.0,7.0,1.0,89.0,22.0,97.0,2.55,15.0,38.0,11.0,7.0,20.0,45.0,68.0,40.0,1.05
379,35,Sat,11/07/2020,17:30,Sheffield Utd,2.3,3,Chelsea,1.2,0,1,74.69,75.12,,,,,,,,,,3.0,38.0,21.0,9.0,8.0,63.0,39.0,72.0,1.89
380,35,Sat,11/07/2020,20:00,Brighton,0.2,0,Manchester City,4.4,5,-1,78.93,75.69,17.0,38.0,9.0,9.0,20.0,35.0,60.0,36.0,0.95,1.0,38.0,32.0,2.0,4.0,95.0,23.0,98.0,2.58
381,35,Sun,12/07/2020,12:00,Wolves,2.6,3,Everton,0.3,0,1,72.71,80.0,7.0,38.0,16.0,9.0,13.0,47.0,46.0,57.0,1.5,8.0,38.0,15.0,9.0,14.0,54.0,46.0,54.0,1.42
382,35,Sun,12/07/2020,14:15,Aston Villa,1.7,2,Crystal Palace,1.2,0,1,76.5,73.29,,,,,,,,,,12.0,38.0,14.0,7.0,17.0,51.0,53.0,49.0,1.29
383,35,Sun,12/07/2020,16:30,Tottenham,2.0,2,Arsenal,0.6,1,1,79.93,76.5,4.0,38.0,23.0,2.0,13.0,67.0,39.0,71.0,1.87,5.0,38.0,21.0,7.0,10.0,73.0,51.0,70.0,1.84
384,35,Sun,12/07/2020,19:00,Bournemouth,2.5,4,Leicester City,1.5,1,1,76.07,73.21,14.0,38.0,13.0,6.0,19.0,56.0,70.0,45.0,1.18,9.0,38.0,15.0,7.0,16.0,51.0,48.0,52.0,1.37
385,35,Mon,13/07/2020,20:00,Manchester Utd,1.5,2,Southampton,1.6,2,0,78.14,75.38,6.0,38.0,19.0,9.0,10.0,65.0,54.0,66.0,1.74,16.0,38.0,9.0,12.0,17.0,45.0,65.0,39.0,1.03
387,36,Tue,14/07/2020,20:15,Chelsea,2.5,1,Norwich City,0.1,0,1,83.64,78.36,3.0,38.0,21.0,9.0,8.0,63.0,39.0,72.0,1.89,,,,,,,,,
388,36,Wed,15/07/2020,18:00,Newcastle Utd,1.1,1,Tottenham,1.5,3,-1,76.0,83.23,13.0,38.0,12.0,9.0,17.0,42.0,48.0,45.0,1.18,4.0,38.0,23.0,2.0,13.0,67.0,39.0,71.0,1.87
389,36,Wed,15/07/2020,18:00,Burnley,1.9,1,Wolves,1.2,1,0,84.36,80.14,15.0,38.0,11.0,7.0,20.0,45.0,68.0,40.0,1.05,7.0,38.0,16.0,9.0,13.0,47.0,46.0,57.0,1.5
390,36,Wed,15/07/2020,18:00,Manchester City,0.7,2,Bournemouth,1.6,1,1,78.0,78.86,1.0,38.0,32.0,2.0,4.0,95.0,23.0,98.0,2.58,14.0,38.0,13.0,6.0,19.0,56.0,70.0,45.0,1.18
391,36,Wed,15/07/2020,20:15,Arsenal,0.8,2,Liverpool,2.1,1,1,77.29,79.79,5.0,38.0,21.0,7.0,10.0,73.0,51.0,70.0,1.84,2.0,38.0,30.0,7.0,1.0,89.0,22.0,97.0,2.55
392,36,Thu,16/07/2020,18:00,Leicester City,2.6,2,Sheffield Utd,0.7,0,1,80.0,76.0,9.0,38.0,15.0,7.0,16.0,51.0,48.0,52.0,1.37,,,,,,,,,
393,36,Thu,16/07/2020,18:00,Everton,0.9,1,Aston Villa,1.3,1,0,77.57,75.0,8.0,38.0,15.0,9.0,14.0,54.0,46.0,54.0,1.42,,,,,,,,,
394,36,Thu,16/07/2020,20:15,Crystal Palace,0.6,0,Manchester Utd,2.2,2,-1,75.21,83.29,12.0,38.0,14.0,7.0,17.0,51.0,53.0,49.0,1.29,6.0,38.0,19.0,9.0,10.0,65.0,54.0,66.0,1.74
395,36,Thu,16/07/2020,20:15,Southampton,2.5,1,Brighton,0.7,1,0,80.29,75.17,16.0,38.0,9.0,12.0,17.0,45.0,65.0,39.0,1.03,17.0,38.0,9.0,9.0,20.0,35.0,60.0,36.0,0.95
396,36,Fri,17/07/2020,20:00,West Ham,0.9,3,Watford,1.5,1,1,75.46,76.07,10.0,38.0,15.0,7.0,16.0,52.0,55.0,52.0,1.37,11.0,38.0,14.0,8.0,16.0,52.0,59.0,50.0,1.32
398,37,Sat,18/07/2020,17:30,Norwich City,0.3,0,Burnley,1.8,2,-1,81.36,75.79,,,,,,,,,,15.0,38.0,11.0,7.0,20.0,45.0,68.0,40.0,1.05
399,37,Sun,19/07/2020,14:00,Bournemouth,0.5,0,Southampton,2.5,2,-1,79.14,78.71,14.0,38.0,13.0,6.0,19.0,56.0,70.0,45.0,1.18,16.0,38.0,9.0,12.0,17.0,45.0,65.0,39.0,1.03
400,37,Sun,19/07/2020,16:00,Tottenham,0.8,3,Leicester City,1.7,0,1,80.07,80.71,4.0,38.0,23.0,2.0,13.0,67.0,39.0,71.0,1.87,9.0,38.0,15.0,7.0,16.0,51.0,48.0,52.0,1.37
401,37,Mon,20/07/2020,18:00,Brighton,0.8,0,Newcastle Utd,0.9,0,0,72.93,83.07,17.0,38.0,9.0,9.0,20.0,35.0,60.0,36.0,0.95,13.0,38.0,12.0,9.0,17.0,42.0,48.0,45.0,1.18
402,37,Mon,20/07/2020,18:00,Sheffield Utd,0.5,0,Everton,0.4,1,-1,75.86,75.14,,,,,,,,,,8.0,38.0,15.0,9.0,14.0,54.0,46.0,54.0,1.42
403,37,Mon,20/07/2020,20:15,Wolves,1.5,2,Crystal Palace,0.4,0,1,79.85,79.64,7.0,38.0,16.0,9.0,13.0,47.0,46.0,57.0,1.5,12.0,38.0,14.0,7.0,17.0,51.0,53.0,49.0,1.29
404,37,Tue,21/07/2020,18:00,Watford,0.1,0,Manchester City,3.3,4,-1,75.86,75.92,11.0,38.0,14.0,8.0,16.0,52.0,59.0,50.0,1.32,1.0,38.0,32.0,2.0,4.0,95.0,23.0,98.0,2.58
405,37,Tue,21/07/2020,20:15,Aston Villa,0.6,1,Arsenal,0.6,0,1,74.71,73.36,,,,,,,,,,5.0,38.0,21.0,7.0,10.0,73.0,51.0,70.0,1.84
406,37,Wed,22/07/2020,18:00,Manchester Utd,0.6,1,West Ham,1.5,1,0,74.71,76.36,6.0,38.0,19.0,9.0,10.0,65.0,54.0,66.0,1.74,10.0,38.0,15.0,7.0,16.0,52.0,55.0,52.0,1.37
407,37,Wed,22/07/2020,20:15,Liverpool,1.7,5,Chelsea,2.4,3,1,75.21,83.43,2.0,38.0,30.0,7.0,1.0,89.0,22.0,97.0,2.55,3.0,38.0,21.0,9.0,8.0,63.0,39.0,72.0,1.89
409,38,Sun,26/07/2020,16:00,Everton,1.7,1,Bournemouth,1.5,3,-1,80.93,82.71,8.0,38.0,15.0,9.0,14.0,54.0,46.0,54.0,1.42,14.0,38.0,13.0,6.0,19.0,56.0,70.0,45.0,1.18
410,38,Sun,26/07/2020,16:00,Leicester City,0.8,0,Manchester Utd,1.3,2,-1,73.47,81.07,9.0,38.0,15.0,7.0,16.0,51.0,48.0,52.0,1.37,6.0,38.0,19.0,9.0,10.0,65.0,54.0,66.0,1.74
411,38,Sun,26/07/2020,16:00,Southampton,1.7,3,Sheffield Utd,1.4,1,1,81.81,75.13,16.0,38.0,9.0,12.0,17.0,45.0,65.0,39.0,1.03,,,,,,,,,
412,38,Sun,26/07/2020,16:00,Arsenal,2.3,3,Watford,3.7,2,1,76.79,81.5,5.0,38.0,21.0,7.0,10.0,73.0,51.0,70.0,1.84,11.0,38.0,14.0,8.0,16.0,52.0,59.0,50.0,1.32
413,38,Sun,26/07/2020,16:00,Crystal Palace,0.8,1,Tottenham,0.3,1,0,72.8,75.75,12.0,38.0,14.0,7.0,17.0,51.0,53.0,49.0,1.29,4.0,38.0,23.0,2.0,13.0,67.0,39.0,71.0,1.87
414,38,Sun,26/07/2020,16:00,Manchester City,3.2,5,Norwich City,1.0,0,1,74.69,71.47,1.0,38.0,32.0,2.0,4.0,95.0,23.0,98.0,2.58,,,,,,,,,
415,38,Sun,26/07/2020,16:00,Chelsea,1.4,2,Wolves,0.2,0,1,82.0,74.69,3.0,38.0,21.0,9.0,8.0,63.0,39.0,72.0,1.89,7.0,38.0,16.0,9.0,13.0,47.0,46.0,57.0,1.5
416,38,Sun,26/07/2020,16:00,West Ham,0.9,1,Aston Villa,1.0,1,0,81.62,74.5,10.0,38.0,15.0,7.0,16.0,52.0,55.0,52.0,1.37,,,,,,,,,
417,38,Sun,26/07/2020,16:00,Newcastle Utd,0.1,1,Liverpool,0.6,3,-1,74.27,76.0,13.0,38.0,12.0,9.0,17.0,42.0,48.0,45.0,1.18,2.0,38.0,30.0,7.0,1.0,89.0,22.0,97.0,2.55
418,38,Sun,26/07/2020,16:00,Burnley,1.7,1,Brighton,1.2,2,-1,83.07,69.44,15.0,38.0,11.0,7.0,20.0,45.0,68.0,40.0,1.05,17.0,38.0,9.0,9.0,20.0,35.0,60.0,36.0,0.95
